timestamp_ms;posicao_x;teto_filtrado_y;lidar_raw;encoder;aceleracao;velocidade;e_automatico;e_inspecao;confianca
0;0.00;0.00;0;0;0;50;0;0;0.10
98;0.00;0.00;0;0;0;50;0;0;0.20
199;0.00;0.00;0;0;0;50;0;0;0.30
300;0.00;0.00;0;0;0;50;0;0;0.40
399;0.00;0.00;0;0;0;50;1;0;0.50
499;0.00;0.00;0;0;0;50;1;0;0.60
600;0.00;70.50;143;0;0;50;1;0;0.70
699;0.00;145.00;147;0;0;50;1;0;0.80
799;0.00;147.50;145;0;0;50;1;0;0.90
899;0.00;144.00;144;0;0;50;1;0;1.00
1000;1.00;143.00;145;1;0;50;1;0;0.10
1099;1.00;144.00;143;1;0;50;1;0;0.20
1198;1.00;143.50;144;1;0;50;1;0;0.30
1299;1.00;142.00;148;1;0;50;1;0;0.40
1399;1.00;141.50;145;1;0;50;1;0;0.50
1500;1.00;144.50;146;1;0;50;1;0;0.60
1600;2.00;144.75;142;0;0;50;1;0;0.10
1699;2.00;143.00;145;0;0;50;1;0;0.20
1800;2.00;143.50;144;0;0;50;1;0;0.30
1900;2.00;143.00;145;0;0;50;1;0;0.40
1999;2.00;146.00;139;0;0;50;1;0;0.50
2098;3.00;144.50;144;1;0;50;1;0;0.10
2200;3.00;143.50;147;1;0;50;1;0;0.20
2300;3.00;144.50;147;1;0;50;1;0;0.30
2398;3.00;146.00;146;1;0;50;1;0;0.40
2499;3.00;146.50;145;1;0;50;1;0;0.50
2600;4.00;145.50;148;0;0;50;1;0;0.10
2699;4.00;146.00;141;0;0;50;1;0;0.20
2799;4.00;143.75;148;0;0;50;1;0;0.30
2899;4.00;146.00;148;0;0;50;1;0;0.40
2999;4.00;147.00;145;0;0;50;1;0;0.50
3099;5.00;147.50;148;1;0;50;1;0;0.10
3198;5.00;147.75;146;1;0;50;1;0;0.20
3300;5.00;145.00;145;1;0;50;1;0;0.30
3400;5.00;144.00;142;1;0;50;1;0;0.40
3499;5.00;143.50;144;1;0;50;1;0;0.50
3600;5.00;143.75;144;1;0;50;1;0;0.60
3700;6.00;144.00;147;0;0;50;1;0;0.10
3799;6.00;144.00;146;0;0;50;1;0;0.20
3899;6.00;145.50;145;0;0;50;1;0;0.30
4000;6.00;145.25;145;0;0;50;1;0;0.40
4099;6.00;144.00;147;0;0;50;1;0;0.50
4198;7.00;143.50;146;1;0;50;1;0;0.10
4299;7.00;145.00;147;1;0;50;1;0;0.20
4398;7.00;146.00;141;1;0;50;1;0;0.30
4500;7.00;144.50;146;1;0;50;1;0;0.40
4600;7.00;145.50;144;1;0;50;1;0;0.50
4700;8.00;145.00;147;0;0;50;1;0;0.10
4800;8.00;145.00;142;0;0;50;1;0;0.20
4900;8.00;145.00;145;0;0;50;1;0;0.30
5000;8.00;146.00;151;0;0;50;1;0;0.40
5100;8.00;144.50;146;0;0;50;1;0;0.50
5199;8.00;146.00;151;0;0;50;1;0;0.60
5299;9.00;148.50;143;1;0;50;1;0;0.10
5402;9.00;147.50;144;1;0;50;1;0;0.20
5500;9.00;144.50;143;1;0;50;1;0;0.30
5600;9.00;142.75;144;1;0;50;1;0;0.40
5699;9.00;142.00;144;1;0;50;1;0;0.50
5799;10.00;143.50;144;0;0;50;1;0;0.10
5900;10.00;144.00;143;0;0;50;1;0;0.20
5999;10.00;143.50;144;0;0;50;1;0;0.30
6099;10.00;145.50;149;0;0;50;1;0;0.40
6200;10.00;144.50;147;0;0;50;1;0;0.50
6300;11.00;144.00;144;1;0;50;1;0;0.10
6399;11.00;145.00;146;1;0;50;1;0;0.20
6500;11.00;145.00;146;1;0;50;1;0;0.30
6599;11.00;144.00;145;1;0;50;1;0;0.40
6700;11.00;144.50;144;1;0;50;1;0;0.50
6800;11.00;144.75;142;1;0;50;1;0;0.60
6900;12.00;145.50;145;0;0;50;1;0;0.10
7001;12.00;145.50;146;0;0;50;1;0;0.20
7100;12.00;145.25;143;0;0;50;1;0;0.30
7200;12.00;144.00;145;0;0;50;1;0;0.40
7300;12.00;146.50;147;0;0;50;1;0;0.50
7400;13.00;148.00;142;1;0;50;1;0;0.10
7499;13.00;147.00;147;1;0;50;1;0;0.20
7600;13.00;146.25;145;1;0;50;1;0;0.30
7700;13.00;146.00;149;1;0;50;1;0;0.40
7800;13.00;146.50;145;1;0;50;1;0;0.50
7900;13.00;145.00;145;1;0;50;1;0;0.60
7998;14.00;145.25;144;0;0;50;1;0;0.10
8100;14.00;145.00;148;0;0;50;1;0;0.20
8200;14.00;142.50;147;0;0;50;1;0;0.30
8300;14.00;144.50;145;0;0;50;1;0;0.40
8400;14.00;146.00;147;0;0;50;1;0;0.50
8498;15.00;144.50;144;1;0;50;1;0;0.10
8599;15.00;143.00;147;1;0;50;1;0;0.20
8699;15.00;147.00;152;1;0;50;1;0;0.30
8800;15.00;154.25;163;1;-30;20;1;1;0.40
8900;15.00;162.50;168;1;-30;20;1;1;0.50
9000;15.00;165.00;165;1;-30;20;1;1;0.60
9100;15.00;166.50;169;1;-30;20;1;1;0.70
9200;15.00;169.25;175;1;-30;20;1;1;0.80
9299;16.00;173.00;173;0;-30;20;1;1;0.10
9399;16.00;173.00;174;0;-30;20;1;1;0.20
9500;16.00;174.00;172;0;-30;20;1;1;0.30
9600;16.00;173.00;175;0;-30;20;1;1;0.40
9700;16.00;175.00;172;0;-30;20;1;1;0.50
9799;16.00;176.50;173;0;-30;20;1;1;0.60
9899;16.00;175.00;172;0;-30;20;1;1;0.70
10000;16.00;173.00;176;0;-30;20;1;1;0.80
10099;16.00;175.00;170;0;-30;20;1;1;0.90
10199;16.00;172.00;168;0;-30;20;1;1;1.00
10299;16.00;167.00;166;0;-30;20;1;1;1.00
10400;16.00;166.00;165;0;-30;20;1;1;1.00
10499;16.00;163.50;164;0;-30;20;1;1;1.00
10599;17.00;160.00;159;1;-30;20;1;1;0.10
10698;17.00;159.50;154;1;-30;20;1;1;0.20
10800;17.00;153.25;146;1;0;50;1;0;0.30
10899;17.00;147.00;149;1;0;50;1;0;0.40
11000;17.00;148.00;145;1;0;50;1;0;0.50
11099;17.00;147.50;141;1;0;50;1;0;0.60
11200;17.00;143.25;144;1;0;50;1;0;0.70
11299;18.00;146.00;143;0;0;50;1;0;0.10
11400;18.00;147.00;145;0;0;50;1;0;0.20
11500;18.00;145.50;144;0;0;50;1;0;0.30
11599;18.00;144.50;145;0;0;50;1;0;0.40
11699;18.00;146.00;146;0;0;50;1;0;0.50
11800;18.00;146.00;143;0;0;50;1;0;0.60
11899;19.00;144.50;146;1;0;50;1;0;0.10
11999;19.00;146.25;146;1;0;50;1;0;0.20
12099;19.00;147.50;143;1;0;50;1;0;0.30
12200;19.00;144.50;144;1;0;50;1;0;0.40
12300;19.00;145.50;145;1;0;50;1;0;0.50
12400;20.00;145.75;143;0;0;50;1;0;0.10
12499;20.00;144.00;145;0;0;50;1;0;0.20
12600;20.00;142.00;146;0;0;50;1;0;0.30
12700;20.00;143.50;144;0;0;50;1;0;0.40
12800;20.00;144.75;146;0;0;50;1;0;0.50
12899;20.00;146.00;146;0;0;50;1;0;0.60
12999;21.00;143.50;138;1;0;50;1;0;0.10
13099;21.00;136.50;121;1;0;50;1;0;0.20
13200;21.00;123.00;117;1;-30;20;1;1;0.30
13300;21.00;114.00;111;1;-30;20;1;1;0.40
13399;21.00;112.00;105;1;-30;20;1;1;0.50
13500;21.00;109.00;106;1;-30;20;1;1;0.60
13599;21.00;105.00;103;1;-30;20;1;1;0.70
13699;21.00;103.50;104;1;-30;20;1;1;0.80
13799;21.00;103.50;98;1;-30;20;1;1;0.90
13899;22.00;102.00;100;0;-30;20;1;1;0.10
13999;22.00;99.75;103;0;-30;20;1;1;0.20
14098;22.00;100.50;100;0;-30;20;1;1;0.30
14200;22.00;101.50;103;0;-30;20;1;1;0.40
14299;22.00;101.50;105;0;-30;20;1;1;0.50
14399;22.00;104.25;108;0;-30;20;1;1;0.60
14499;22.00;107.50;108;0;-30;20;1;1;0.70
14600;22.00;112.50;114;0;-30;20;1;1;0.80
14700;22.00;113.50;116;0;-30;20;1;1;0.90
14798;22.00;116.00;116;0;-30;20;1;1;1.00
14899;22.00;120.50;123;0;-30;20;1;1;1.00
14999;22.00;126.50;132;0;-30;20;1;1;1.00
15099;22.00;130.00;134;0;-30;20;1;1;1.00
15199;23.00;134.50;140;1;0;50;1;0;0.10
15300;23.00;143.00;143;1;0;50;1;0;0.20
15399;23.00;147.00;146;1;0;50;1;0;0.30
15499;23.00;146.00;147;1;0;50;1;0;0.40
15600;23.00;146.75;145;1;0;50;1;0;0.50
15699;23.00;146.50;145;1;0;50;1;0;0.60
15799;24.00;146.50;143;0;0;50;1;0;0.10
15899;24.00;146.00;152;0;0;50;1;0;0.20
15999;24.00;151.75;158;0;-30;20;1;1;0.30
16099;24.00;160.50;164;0;-30;20;1;1;0.40
16200;24.00;164.50;169;0;-30;20;1;1;0.50
16300;24.00;167.50;172;0;-30;20;1;1;0.60
16399;24.00;171.25;176;0;-30;20;1;1;0.70
16499;24.00;173.00;175;0;-30;20;1;1;0.80
16599;24.00;177.00;181;0;-30;20;1;1;0.90
16698;25.00;180.50;180;1;-30;20;1;1;0.10
16799;25.00;179.50;183;1;-30;20;1;1;0.20
16899;25.00;179.50;182;1;-30;20;1;1;0.30
16998;25.00;182.00;182;1;-30;20;1;1;0.40
17100;25.00;181.00;180;1;-30;20;1;1;0.50
17199;25.00;180.75;183;1;-30;20;1;1;0.60
17300;25.00;180.50;177;1;-30;20;1;1;0.70
17399;25.00;178.00;173;1;-30;20;1;1;0.80
17500;25.00;176.00;172;1;-30;20;1;1;0.90
17600;25.00;172.50;173;1;-30;20;1;1;1.00
17700;25.00;170.50;170;1;-30;20;1;1;1.00
17800;25.00;166.50;164;1;-30;20;1;1;1.00
17900;25.00;165.50;160;1;-30;20;1;1;1.00
18000;25.00;160.75;161;1;-30;20;1;1;1.00
18099;26.00;155.00;157;0;-30;20;1;1;0.10
18199;26.00;153.00;146;0;0;50;1;0;0.20
18299;26.00;149.00;144;0;0;50;1;0;0.30
18399;26.00;144.25;143;0;0;50;1;0;0.40
18499;26.00;143.00;146;0;0;50;1;0;0.50
18600;26.00;144.50;145;0;0;50;1;0;0.60
18700;27.00;143.50;147;1;0;50;1;0;0.10
18799;27.00;144.25;148;1;0;50;1;0;0.20
18900;27.00;143.50;144;1;0;50;1;0;0.30
19000;27.00;144.50;145;1;0;50;1;0;0.40
19100;27.00;144.50;145;1;0;50;1;0;0.50
19200;28.00;144.75;144;0;0;50;1;0;0.10
19299;28.00;145.00;147;0;0;50;1;0;0.20
19400;28.00;146.00;144;0;0;50;1;0;0.30
19499;28.00;145.00;147;0;0;50;1;0;0.40
19599;28.00;145.50;144;0;0;50;1;0;0.50
19699;28.00;145.50;143;0;0;50;1;0;0.60
19798;29.00;146.00;144;1;0;50;1;0;0.10
19899;29.00;144.50;144;1;0;50;1;0;0.20
19999;29.00;144.00;144;1;0;50;1;0;0.30
20099;29.00;146.00;153;1;0;50;1;0;0.40
20200;29.00;154.50;172;1;-30;20;1;1;0.50
20299;29.00;166.50;176;1;-30;20;1;1;0.60
20400;30.00;176.50;182;0;-30;20;1;1;0.10
20499;30.00;184.00;186;0;-30;20;1;1;0.20
20600;30.00;188.00;197;0;-30;20;1;1;0.30
20700;30.00;194.50;201;0;-30;20;1;1;0.40
20800;30.00;201.25;202;0;-30;20;1;1;0.50
20899;30.00;205.50;206;0;-30;20;1;1;0.60
20999;30.00;208.50;208;0;-30;20;1;1;0.70
21100;30.00;210.00;212;0;-30;20;1;1;0.80
21199;30.00;210.75;210;0;-30;20;1;1;0.90
21299;30.00;209.00;210;0;-30;20;1;1;1.00
21399;30.00;209.00;213;0;-30;20;1;1;1.00
21500;30.00;211.00;209;0;-30;20;1;1;1.00
21600;30.00;209.50;207;0;-30;20;1;1;1.00
21699;31.00;207.00;199;1;-30;20;1;1;0.10
21800;31.00;203.00;199;1;-30;20;1;1;0.20
21900;31.00;197.00;189;1;-30;20;1;1;0.30
21999;31.00;189.25;189;1;-30;20;1;1;0.40
22099;31.00;184.00;178;1;-30;20;1;1;0.50
22199;31.00;177.00;171;1;-30;20;1;1;0.60
22300;31.00;171.00;167;1;-30;20;1;1;0.70
22400;31.00;165.75;155;1;-30;20;1;1;0.80
22499;31.00;153.00;145;1;0;50;1;0;0.90
22598;31.00;147.50;146;1;0;50;1;0;1.00
22700;32.00;146.00;144;0;0;50;1;0;0.10
22800;32.00;144.50;149;0;0;50;1;0;0.20
22899;32.00;144.50;145;0;0;50;1;0;0.30
22999;32.00;144.50;147;0;0;50;1;0;0.40
23100;32.00;143.75;145;0;0;50;1;0;0.50
23199;32.00;146.50;148;0;0;50;1;0;0.60
23299;33.00;145.50;141;1;0;50;1;0;0.10
23399;33.00;143.00;142;1;0;50;1;0;0.20
23498;33.00;145.00;146;1;0;50;1;0;0.30
23599;33.00;145.25;142;1;0;50;1;0;0.40
23698;33.00;144.00;148;1;0;50;1;0;0.50
23799;34.00;150.50;159;0;0;50;1;0;0.10
23899;34.00;158.00;165;0;-30;20;1;1;0.20
23999;34.00;163.75;170;0;-30;20;1;1;0.30
24099;34.00;164.50;169;0;-30;20;1;1;0.40
24199;34.00;168.00;170;0;-30;20;1;1;0.50
24299;34.00;170.50;173;0;-30;20;1;1;0.60
24399;34.00;172.25;174;0;-30;20;1;1;0.70
24499;34.00;173.00;175;0;-30;20;1;1;0.80
24599;34.00;173.00;176;0;-30;20;1;1;0.90
24698;34.00;174.50;177;0;-30;20;1;1;1.00
24799;34.00;176.25;175;0;-30;20;1;1;1.00
24898;35.00;177.00;174;1;-30;20;1;1;0.10
24999;35.00;175.50;170;1;-30;20;1;1;0.20
25099;35.00;171.50;171;1;-30;20;1;1;0.30
25199;35.00;170.00;167;1;-30;20;1;1;0.40
25299;35.00;166.00;166;1;-30;20;1;1;0.50
25399;35.00;164.50;163;1;-30;20;1;1;0.60
25498;35.00;164.50;160;1;-30;20;1;1;0.70
25599;35.00;160.75;158;1;-30;20;1;1;0.80
25699;35.00;154.50;155;1;-30;20;1;1;0.90
25798;35.00;150.50;145;1;0;50;1;0;1.00
25898;35.00;148.50;145;1;0;50;1;0;1.00
25999;36.00;145.25;145;0;0;50;1;0;0.10
26099;36.00;145.00;148;0;0;50;1;0;0.20
26199;36.00;150.00;162;0;0;50;1;0;0.30
26299;36.00;158.00;169;0;-30;20;1;1;0.40
26399;36.00;169.00;178;0;-30;20;1;1;0.50
26499;36.00;177.00;179;0;-30;20;1;1;0.60
26599;36.00;181.00;183;0;-30;20;1;1;0.70
26698;37.00;183.50;189;1;-30;20;1;1;0.10
26799;37.00;187.00;190;1;-30;20;1;1;0.20
26898;37.00;186.50;186;1;-30;20;1;1;0.30
26998;37.00;187.00;192;1;-30;20;1;1;0.40
27099;37.00;190.00;190;1;-30;20;1;1;0.50
27199;37.00;190.50;190;1;-30;20;1;1;0.60
27299;37.00;187.50;190;1;-30;20;1;1;0.70
27399;37.00;184.50;185;1;-30;20;1;1;0.80
27499;37.00;185.00;181;1;-30;20;1;1;0.90
27598;37.00;181.75;179;1;-30;20;1;1;1.00
27698;37.00;177.50;173;1;-30;20;1;1;1.00
27799;37.00;174.00;174;1;-30;20;1;1;1.00
27899;37.00;171.50;168;1;-30;20;1;1;1.00
27998;38.00;168.00;160;0;-30;20;1;1;0.10
28099;38.00;161.00;160;0;-30;20;1;1;0.20
28199;38.00;156.50;152;0;-30;20;1;1;0.30
28298;38.00;154.00;143;0;0;50;1;0;0.40
28399;38.00;146.50;149;0;0;50;1;0;0.50
28499;38.00;148.00;146;0;0;50;1;0;0.60
28598;38.00;145.50;143;0;0;50;1;0;0.70
28699;39.00;143.00;145;1;0;50;1;0;0.10
28799;39.00;145.00;147;1;0;50;1;0;0.20
28900;39.00;145.50;139;1;0;50;1;0;0.30
28999;39.00;145.50;142;1;0;50;1;0;0.40
29099;39.00;145.00;145;1;0;50;1;0;0.50
29199;40.00;144.50;146;0;0;50;1;0;0.10
29299;40.00;142.50;145;0;0;50;1;0;0.20
29400;40.00;144.50;145;0;0;50;1;0;0.30
29499;40.00;147.50;145;0;0;50;1;0;0.40
29600;40.00;145.75;147;0;0;50;1;0;0.50
29698;41.00;148.50;160;1;0;50;1;0;0.10
29798;41.00;159.00;174;1;-30;20;1;1;0.20
29900;41.00;171.00;183;1;-30;20;1;1;0.30
29999;41.00;181.25;185;1;-30;20;1;1;0.40
30099;41.00;187.50;192;1;-30;20;1;1;0.50
30199;41.00;192.00;198;1;-30;20;1;1;0.60
30300;41.00;196.00;205;1;-30;20;1;1;0.70
30399;41.00;203.00;203;1;-30;20;1;1;0.80
30500;41.00;203.50;209;1;-30;20;1;1;0.90
30600;41.00;205.50;209;1;-30;20;1;1;1.00
30699;41.00;209.50;207;1;-30;20;1;1;1.00
30798;41.00;209.25;212;1;-30;20;1;1;1.00
30899;41.00;210.50;209;1;-30;20;1;1;1.00
30999;42.00;210.00;204;0;-30;20;1;1;0.10
31099;42.00;207.50;203;0;-30;20;1;1;0.20
31200;42.00;202.50;200;0;-30;20;1;1;0.30
31299;42.00;200.50;200;0;-30;20;1;1;0.40
31400;42.00;198.00;194;0;-30;20;1;1;0.50
31499;42.00;193.50;182;0;-30;20;1;1;0.60
31599;42.00;184.25;180;0;-30;20;1;1;0.70
31699;42.00;178.00;174;0;-30;20;1;1;0.80
31799;42.00;172.50;167;0;-30;20;1;1;0.90
31899;42.00;168.50;158;0;-30;20;1;1;1.00
32000;42.00;158.75;152;0;-30;20;1;1;1.00
32099;42.00;149.00;147;0;0;50;1;0;1.00
32199;43.00;145.50;146;1;0;50;1;0;0.10
32300;43.00;145.50;144;1;0;50;1;0;0.20
32400;43.00;144.25;145;1;0;50;1;0;0.30
32499;43.00;143.50;148;1;0;50;1;0;0.40
32599;43.00;145.00;145;1;0;50;1;0;0.50
32700;44.00;146.50;136;0;0;50;1;0;0.10
32799;44.00;137.25;125;0;-30;20;1;1;0.20
32899;44.00;124.50;121;0;-30;20;1;1;0.30
33016;44.00;119.00;114;0;-30;20;1;1;0.40
33098;44.00;116.50;111;0;-30;20;1;1;0.50
33198;44.00;111.50;110;0;-30;20;1;1;0.60
33298;44.00;107.50;109;0;-30;20;1;1;0.70
33398;44.00;105.00;106;0;-30;20;1;1;0.80
33498;44.00;105.50;102;0;-30;20;1;1;0.90
33598;44.00;102.75;102;0;-30;20;1;1;1.00
33698;44.00;101.00;102;0;-30;20;1;1;1.00
33798;44.00;101.50;100;0;-30;20;1;1;1.00
33898;45.00;101.50;102;1;-30;20;1;1;0.10
33998;45.00;102.75;106;1;-30;20;1;1;0.20
34098;45.00;105.00;108;1;-30;20;1;1;0.30
34198;45.00;107.00;109;1;-30;20;1;1;0.40
34298;45.00;109.50;110;1;-30;20;1;1;0.50
34398;45.00;110.75;114;1;-30;20;1;1;0.60
34498;45.00;115.50;119;1;-30;20;1;1;0.70
34598;45.00;119.50;122;1;-30;20;1;1;0.80
34699;45.00;122.00;131;1;-30;20;1;1;0.90
34798;45.00;128.50;133;1;-30;20;1;1;1.00
34898;45.00;132.50;138;1;-30;20;1;1;1.00
34998;45.00;137.00;146;1;0;50;1;0;1.00
35098;46.00;143.00;148;0;0;50;1;0;0.10
35198;46.00;148.00;141;0;0;50;1;0;0.20
35298;46.00;147.00;144;0;0;50;1;0;0.30
35398;46.00;144.50;145;0;0;50;1;0;0.40
35498;46.00;144.50;147;0;0;50;1;0;0.50
35598;46.00;146.50;147;0;0;50;1;0;0.60
35698;47.00;147.00;146;1;0;50;1;0;0.10
35798;47.00;146.00;142;1;0;50;1;0;0.20
35898;47.00;143.50;145;1;0;50;1;0;0.30
35998;47.00;144.50;145;1;0;50;1;0;0.40
36098;47.00;145.50;145;1;0;50;1;0;0.50
36198;48.00;145.00;147;0;0;50;1;0;0.10
36298;48.00;144.00;139;0;0;50;1;0;0.20
36398;48.00;138.50;131;0;0;50;1;0;0.30
36498;48.00;129.50;122;0;-30;20;1;1;0.40
36598;48.00;124.50;120;0;-30;20;1;1;0.50
36698;48.00;121.50;119;0;-30;20;1;1;0.60
36798;48.00;118.50;116;0;-30;20;1;1;0.70
36898;48.00;115.50;118;0;-30;20;1;1;0.80
36998;49.00;115.50;115;1;-30;20;1;1;0.10
37098;49.00;115.50;116;1;-30;20;1;1;0.20
37198;49.00;115.75;116;1;-30;20;1;1;0.30
37298;49.00;116.00;116;1;-30;20;1;1;0.40
37398;49.00;115.00;118;1;-30;20;1;1;0.50
37498;49.00;116.00;120;1;-30;20;1;1;0.60
37598;49.00;119.00;119;1;-30;20;1;1;0.70
37698;49.00;120.00;123;1;-30;20;1;1;0.80
37798;49.00;122.00;125;1;-30;20;1;1;0.90
37898;49.00;123.50;126;1;-30;20;1;1;1.00
37999;49.00;126.25;128;1;-30;20;1;1;1.00
38098;49.00;132.00;130;1;-30;20;1;1;1.00
38198;50.00;136.50;137;0;0;50;1;0;0.10
38298;50.00;139.00;145;0;0;50;1;0;0.20
38398;50.00;144.00;142;0;0;50;1;0;0.30
38498;50.00;145.00;144;0;0;50;1;0;0.40
38598;50.00;144.50;145;0;0;50;1;0;0.50
38698;50.00;144.50;144;0;0;50;1;0;0.60
38798;51.00;144.75;146;1;0;50;1;0;0.10
38898;51.00;145.50;144;1;0;50;1;0;0.20
38998;51.00;144.50;146;1;0;50;1;0;0.30
39098;51.00;145.00;144;1;0;50;1;0;0.40
39198;51.00;144.75;144;1;0;50;1;0;0.50
39298;52.00;146.00;143;0;0;50;1;0;0.10
39398;52.00;146.00;144;0;0;50;1;0;0.20
39498;52.00;144.50;143;0;0;50;1;0;0.30
39598;52.00;144.50;144;0;0;50;1;0;0.40
39698;52.00;146.00;144;0;0;50;1;0;0.50
39798;52.00;144.00;142;0;0;50;1;0;0.60
39898;53.00;143.50;141;1;0;50;1;0;0.10
39998;53.00;142.50;145;1;0;50;1;0;0.20
40098;53.00;146.00;147;1;0;50;1;0;0.30
40198;53.00;146.00;142;1;0;50;1;0;0.40
40298;53.00;143.50;146;1;0;50;1;0;0.50
40398;54.00;147.00;154;0;0;50;1;0;0.10
40498;54.00;158.00;172;0;-30;20;1;1;0.20
40598;54.00;166.00;174;0;-30;20;1;1;0.30
40698;54.00;172.00;181;0;-30;20;1;1;0.40
40798;54.00;181.00;188;0;-30;20;1;1;0.50
40898;54.00;187.50;191;0;-30;20;1;1;0.60
40998;54.00;189.00;191;0;-30;20;1;1;0.70
41098;54.00;193.00;196;0;-30;20;1;1;0.80
41198;54.00;196.25;198;0;-30;20;1;1;0.90
41298;54.00;200.00;200;0;-30;20;1;1;1.00
41398;55.00;202.00;201;1;-30;20;1;1;0.10
41498;55.00;202.50;202;1;-30;20;1;1;0.20
41599;55.00;202.25;201;1;-30;20;1;1;0.30
41698;55.00;201.50;204;1;-30;20;1;1;0.40
41798;55.00;200.50;194;1;-30;20;1;1;0.50
41898;55.00;197.00;192;1;-30;20;1;1;0.60
41998;55.00;192.25;189;1;-30;20;1;1;0.70
42098;55.00;188.00;186;1;-30;20;1;1;0.80
42198;55.00;183.50;180;1;-30;20;1;1;0.90
42298;55.00;177.50;174;1;-30;20;1;1;1.00
42398;55.00;172.75;165;1;-30;20;1;1;1.00
42498;55.00;165.00;157;1;-30;20;1;1;1.00
42598;55.00;159.50;158;1;-30;20;1;1;1.00
42698;56.00;157.50;146;0;-30;20;1;1;0.10
42798;56.00;149.00;146;0;0;50;1;0;0.20
42898;56.00;147.00;146;0;0;50;1;0;0.30
42998;56.00;147.50;146;0;0;50;1;0;0.40
43098;56.00;146.50;141;0;0;50;1;0;0.50
43198;56.00;144.50;150;0;0;50;1;0;0.60
43298;57.00;146.50;144;1;0;50;1;0;0.10
43398;57.00;143.50;144;1;0;50;1;0;0.20
43498;57.00;143.00;145;1;0;50;1;0;0.30
43598;57.00;144.75;144;1;0;50;1;0;0.40
43700;57.00;146.00;140;1;0;50;1;0;0.50
43798;58.00;140.00;126;0;0;50;1;0;0.10
43898;58.00;131.50;125;0;-30;20;1;1;0.20
43998;58.00;123.75;118;0;-30;20;1;1;0.30
44098;58.00;118.50;118;0;-30;20;1;1;0.40
44198;58.00;116.50;112;0;-30;20;1;1;0.50
44298;58.00;112.50;111;0;-30;20;1;1;0.60
44398;58.00;111.00;110;0;-30;20;1;1;0.70
44499;58.00;110.00;108;0;-30;20;1;1;0.80
44598;58.00;108.50;105;0;-30;20;1;1;0.90
44698;58.00;106.00;107;0;-30;20;1;1;1.00
44798;58.00;106.00;103;0;-30;20;1;1;1.00
44898;58.00;106.00;106;0;-30;20;1;1;1.00
44998;59.00;109.00;107;1;-30;20;1;1;0.10
45098;59.00;109.00;112;1;-30;20;1;1;0.20
45198;59.00;111.00;113;1;-30;20;1;1;0.30
45299;59.00;114.00;115;1;-30;20;1;1;0.40
45398;59.00;115.00;117;1;-30;20;1;1;0.50
45498;59.00;117.50;122;1;-30;20;1;1;0.60
45598;59.00;121.75;128;1;-30;20;1;1;0.70
45698;59.00;126.50;132;1;-30;20;1;1;0.80
45798;59.00;130.50;134;1;-30;20;1;1;0.90
45898;59.00;134.00;135;1;-30;20;1;1;1.00
45998;59.00;138.25;146;1;0;50;1;0;1.00
46098;60.00;146.00;146;0;0;50;1;0;0.10
46198;60.00;146.50;143;0;0;50;1;0;0.20
46298;60.00;148.00;144;0;0;50;1;0;0.30
46398;60.00;145.50;145;0;0;50;1;0;0.40
46498;60.00;143.50;146;0;0;50;1;0;0.50
46598;61.00;143.50;138;1;0;50;1;0;0.10
46698;61.00;141.50;127;1;0;50;1;0;0.20
46798;61.00;129.25;125;1;-30;20;1;1;0.30
46899;61.00;122.50;120;1;-30;20;1;1;0.40
46998;61.00;121.00;118;1;-30;20;1;1;0.50
47098;61.00;118.00;116;1;-30;20;1;1;0.60
47198;61.00;114.50;113;1;-30;20;1;1;0.70
47298;61.00;110.50;114;1;-30;20;1;1;0.80
47398;61.00;110.00;110;1;-30;20;1;1;0.90
47498;61.00;110.50;108;1;-30;20;1;1;1.00
47598;61.00;108.75;109;1;-30;20;1;1;1.00
47698;62.00;111.00;109;0;-30;20;1;1;0.10
47798;62.00;110.50;112;0;-30;20;1;1;0.20
47898;62.00;109.50;112;0;-30;20;1;1;0.30
47998;62.00;112.50;114;0;-30;20;1;1;0.40
48098;62.00;115.50;119;0;-30;20;1;1;0.50
48198;62.00;117.50;119;0;-30;20;1;1;0.60
48298;62.00;119.50;124;0;-30;20;1;1;0.70
48398;62.00;123.00;124;0;-30;20;1;1;0.80
48498;62.00;126.00;129;0;-30;20;1;1;0.90
48598;62.00;130.50;131;0;-30;20;1;1;1.00
48698;62.00;134.00;137;0;-30;20;1;1;1.00
48798;62.00;138.25;146;0;0;50;1;0;1.00
48898;63.00;145.00;145;1;0;50;1;0;0.10
48998;63.00;144.50;146;1;0;50;1;0;0.20
49098;63.00;143.50;141;1;0;50;1;0;0.30
49198;63.00;137.75;125;1;-30;20;1;1;0.40
49298;63.00;126.50;122;1;-30;20;1;1;0.50
49398;63.00;124.50;120;1;-30;20;1;1;0.60
49498;63.00;118.50;116;1;-30;20;1;1;0.70
49598;64.00;115.00;112;0;-30;20;1;1;0.10
49698;64.00;113.00;113;0;-30;20;1;1;0.20
49799;64.00;112.00;111;0;-30;20;1;1;0.30
49898;64.00;110.00;112;0;-30;20;1;1;0.40
49998;64.00;110.50;108;0;-30;20;1;1;0.50
50098;64.00;108.50;111;0;-30;20;1;1;0.60
50198;64.00;109.00;110;0;-30;20;1;1;0.70
50298;64.00;109.50;112;0;-30;20;1;1;0.80
50398;64.00;112.50;116;0;-30;20;1;1;0.90
50498;64.00;114.50;117;0;-30;20;1;1;1.00
50598;64.00;115.00;120;0;-30;20;1;1;1.00
50698;64.00;118.50;121;0;-30;20;1;1;1.00
50798;65.00;122.25;130;1;-30;20;1;1;0.10
50898;69.00;137.00;134;1;0;50;1;0;0.10
50998;73.00;141.50;144;1;0;50;1;0;0.10
51098;77.00;140.00;143;1;0;50;1;0;0.10
51198;81.00;143.25;147;1;0;50;1;0;0.10
51298;83.00;143.00;144;1;0;50;1;0;0.10
51398;86.00;141.50;148;0;0;50;1;0;0.10
51498;90.00;142.00;149;0;0;50;1;0;0.10
51598;94.00;147.00;143;0;0;50;1;0;0.10
51698;98.00;145.00;145;0;0;50;1;0;0.10
51798;100.00;144.00;140;0;0;50;1;0;0.10
51898;103.00;145.00;142;1;0;50;1;0;0.10
51998;107.00;143.25;127;1;0;50;1;0;0.10
52098;111.00;127.00;106;1;-30;20;1;1;0.10
52198;115.00;128.00;98;1;-30;20;1;1;0.10
52298;119.00;146.00;84;1;0;50;1;0;0.10
52398;121.00;114.75;78;1;-30;20;1;1;0.10
52498;124.00;113.00;81;0;-30;20;1;1;0.10
52598;128.00;113.00;74;0;-30;20;1;1;0.10
52698;132.00;146.00;78;0;0;50;1;0;0.10
52798;136.00;112.25;78;0;-30;20;1;1;0.10
52898;140.00;114.50;148;1;-30;20;1;1;0.10
52998;144.00;115.50;148;1;-30;20;1;1;0.10
53098;148.00;120.00;145;1;-30;20;1;1;0.10
53199;151.00;132.25;143;1;0;50;1;0;0.10
53298;155.00;131.00;145;1;-30;20;1;1;0.10
53398;158.00;130.00;144;0;-30;20;1;1;0.10
53498;162.00;136.50;148;0;0;50;1;0;0.10
53598;166.00;142.25;143;0;0;50;1;0;0.10
53698;170.00;145.50;145;0;0;50;1;0;0.10
53798;174.00;146.50;148;0;0;50;1;0;0.10
53898;178.00;145.00;146;0;0;50;1;0;0.10
53998;179.00;145.25;143;1;0;50;1;0;0.10
54098;181.00;144.50;146;1;0;50;1;0;0.10
54198;185.00;145.00;144;1;0;50;1;0;0.10
54298;189.00;149.00;144;1;0;50;1;0;0.10
54398;193.00;154.75;145;1;-30;20;1;1;0.10
54498;196.00;162.50;148;0;-30;20;1;1;0.10
54598;200.00;145.00;144;0;0;50;1;0;0.10
54698;204.00;145.50;142;0;0;50;1;0;0.10
54798;208.00;158.50;145;0;-30;20;1;1;0.10
54898;212.00;174.50;151;0;-30;20;1;1;0.10
54998;214.00;145.50;146;0;0;50;1;0;0.10
55098;215.00;145.00;151;1;0;50;1;0;0.10
55198;219.00;154.50;143;1;-30;20;1;1;0.10
55298;223.00;159.00;144;1;-30;20;1;1;0.10
55398;227.00;150.00;143;1;0;50;1;0;0.10
55498;231.00;148.00;144;1;0;50;1;0;0.10
55598;235.00;143.75;143;0;0;50;1;0;0.10
55698;236.00;146.00;143;1;0;50;1;0;0.10
55798;238.00;147.50;146;1;0;50;1;0;0.10
55898;241.00;145.50;143;1;0;50;1;0;0.10
55998;245.00;143.00;143;1;0;50;1;0;0.10
56098;249.00;144.50;145;1;0;50;1;0;0.10
56198;252.00;145.50;145;0;0;50;1;0;0.10
56298;256.00;145.50;147;0;0;50;1;0;0.10
56398;260.00;146.25;146;0;0;50;1;0;0.10
56498;264.00;146.00;146;0;0;50;1;0;0.10
56598;268.00;146.00;145;0;0;50;1;0;0.10
56698;271.00;145.00;145;1;0;50;1;0;0.10
56798;275.00;145.50;152;1;0;50;1;0;0.10
56898;279.00;153.00;169;1;0;50;1;0;0.10
56998;283.00;151.50;184;1;0;50;1;0;0.10
57098;287.00;144.00;194;1;0;50;1;0;0.10
57198;288.00;170.25;193;0;-30;20;1;1;0.10
57298;292.00;174.50;200;0;-30;20;1;1;0.10
57398;296.00;172.50;198;0;-30;20;1;1;0.10
57498;300.00;172.50;196;0;-30;20;1;1;0.10
57598;304.00;184.50;144;1;-30;20;1;1;0.10
57698;308.00;170.50;146;1;-30;20;1;1;0.10
57798;312.00;171.50;143;1;-30;20;1;1;0.10
57898;315.00;170.00;142;1;-30;20;1;1;0.10
57998;319.00;165.50;142;1;-30;20;1;1;0.10
58098;323.00;184.00;143;1;-30;20;1;1;0.10
58198;327.00;165.00;142;1;-30;20;1;1;0.10
58298;331.00;160.00;144;1;-30;20;1;1;0.10
58398;333.00;157.00;148;1;-30;20;1;1;0.10
58498;336.00;163.50;147;0;-30;20;1;1;0.10
58598;340.00;155.00;142;0;-30;20;1;1;0.10
58698;344.00;148.50;145;0;0;50;1;0;0.10
58798;346.00;145.50;145;0;0;50;1;0;0.10
58898;348.00;145.00;146;0;0;50;1;0;0.10
0;0.00;0.00;0;0;0;50;0;0;0.10
100;0.00;0.00;0;0;0;50;0;0;0.20
199;0.00;0.00;0;0;0;50;0;0;0.30
300;0.00;0.00;0;0;0;50;1;0;0.40
400;0.00;0.00;0;0;0;50;1;0;0.50
500;0.00;0.00;146;0;0;50;1;0;0.60
599;0.00;70.50;149;0;0;50;1;0;0.70
699;0.00;142.50;147;0;0;50;1;0;0.80
799;0.00;146.00;141;0;0;50;1;0;0.90
900;0.00;146.50;145;0;0;50;1;0;1.00
1002;1.00;146.50;145;1;0;50;1;0;0.10
1099;1.00;145.00;144;1;0;50;1;0;0.20
1199;1.00;143.75;142;1;0;50;1;0;0.30
1299;1.00;145.00;144;1;0;50;1;0;0.40
1400;1.00;146.00;142;1;0;50;1;0;0.50
1500;2.00;145.00;146;0;0;50;1;0;0.10
1599;2.00;145.50;144;0;0;50;1;0;0.20
1699;2.00;143.50;146;0;0;50;1;0;0.30
1801;2.00;143.50;144;0;0;50;1;0;0.40
1899;2.00;144.50;147;0;0;50;1;0;0.50
1999;3.00;145.25;144;1;0;50;1;0;0.10
2100;3.00;143.50;147;1;0;50;1;0;0.20
2199;3.00;144.50;147;1;0;50;1;0;0.30
2300;3.00;145.50;146;1;0;50;1;0;0.40
2400;3.00;146.50;145;1;0;50;1;0;0.50
2500;4.00;145.00;148;0;0;50;1;0;0.10
2600;4.00;144.50;141;0;0;50;1;0;0.20
2700;4.00;143.50;148;0;0;50;1;0;0.30
2799;4.00;146.25;148;0;0;50;1;0;0.40
2900;4.00;147.50;145;0;0;50;1;0;0.50
3000;4.00;147.00;148;0;0;50;1;0;0.60
3099;5.00;146.00;146;1;0;50;1;0;0.10
3199;5.00;145.50;145;1;0;50;1;0;0.20
3299;5.00;144.50;142;1;0;50;1;0;0.30
3400;5.00;144.00;144;1;0;50;1;0;0.40
3499;5.00;144.00;144;1;0;50;1;0;0.50
3600;6.00;144.75;144;0;0;50;1;0;0.10
3699;6.00;146.00;146;0;0;50;1;0;0.20
3799;6.00;146.50;145;0;0;50;1;0;0.30
3900;6.00;147.50;145;0;0;50;1;0;0.40
3999;6.00;146.00;147;0;0;50;1;0;0.50
4099;6.00;146.50;146;0;0;50;1;0;0.60
4200;7.00;146.00;147;1;0;50;1;0;0.10
4299;7.00;145.50;141;1;0;50;1;0;0.20
4400;7.00;143.00;146;1;0;50;1;0;0.30
4499;7.00;145.50;144;1;0;50;1;0;0.40
4599;7.00;145.50;144;1;0;50;1;0;0.50
4700;8.00;146.00;142;0;0;50;1;0;0.10
4800;8.00;144.75;145;0;0;50;1;0;0.20
4900;8.00;147.00;151;0;0;50;1;0;0.30
5000;8.00;145.50;146;0;0;50;1;0;0.40
5100;8.00;145.50;151;0;0;50;1;0;0.50
5200;9.00;149.50;143;1;0;50;1;0;0.10
5300;9.00;147.50;147;1;0;50;1;0;0.20
5399;9.00;145.50;145;1;0;50;1;0;0.30
5499;9.00;144.50;141;1;0;50;1;0;0.40
5599;9.00;142.00;143;1;0;50;1;0;0.50
5699;10.00;143.50;148;0;0;50;1;0;0.10
5800;10.00;144.00;143;0;0;50;1;0;0.20
5900;10.00;143.50;144;0;0;50;1;0;0.30
5999;10.00;146.50;149;0;0;50;1;0;0.40
6099;10.00;145.00;147;0;0;50;1;0;0.50
6199;11.00;143.00;144;1;0;50;1;0;0.10
6299;11.00;145.00;146;1;0;50;1;0;0.20
6399;11.00;145.25;146;1;0;50;1;0;0.30
6500;11.00;145.50;145;1;0;50;1;0;0.40
6600;11.00;148.50;144;1;0;50;1;0;0.50
6699;12.00;149.00;142;0;0;50;1;0;0.10
6800;12.00;144.00;145;0;0;50;1;0;0.20
6899;12.00;147.50;146;0;0;50;1;0;0.30
6999;12.00;147.00;143;0;0;50;1;0;0.40
7099;12.00;143.00;145;0;0;50;1;0;0.50
7199;13.00;145.00;148;1;0;50;1;0;0.10
7299;13.00;147.50;146;1;0;50;1;0;0.20
7399;13.00;147.00;144;1;0;50;1;0;0.30
7499;13.00;145.00;147;1;0;50;1;0;0.40
7599;13.00;145.50;146;1;0;50;1;0;0.50
7699;13.00;144.50;144;1;0;50;1;0;0.60
7799;14.00;145.00;146;0;0;50;1;0;0.10
7899;14.00;146.00;143;0;0;50;1;0;0.20
7999;14.00;143.75;142;0;0;50;1;0;0.30
8100;14.00;144.50;142;0;0;50;1;0;0.40
8199;14.00;145.00;143;0;0;50;1;0;0.50
8299;15.00;145.00;142;1;0;50;1;0;0.10
8399;15.00;144.75;148;1;0;50;1;0;0.20
8499;15.00;152.00;161;1;0;50;1;0;0.30
8599;15.00;157.00;166;1;-30;20;1;1;0.40
8700;15.00;162.00;165;1;-30;20;1;1;0.50
8799;15.00;166.50;169;1;-30;20;1;1;0.60
8899;15.00;171.50;172;1;-30;20;1;1;0.70
8999;16.00;172.00;175;0;-30;20;1;1;0.10
9100;16.00;175.50;177;0;-30;20;1;1;0.20
9199;16.00;176.00;175;0;-30;20;1;1;0.30
9299;16.00;175.50;172;0;-30;20;1;1;0.40
9399;16.00;175.00;175;0;-30;20;1;1;0.50
9499;16.00;174.50;171;0;-30;20;1;1;0.60
9599;16.00;173.75;172;0;-30;20;1;1;0.70
9699;16.00;176.50;171;0;-30;20;1;1;0.80
9800;16.00;172.00;173;0;-30;20;1;1;0.90
9899;16.00;171.00;168;0;-30;20;1;1;1.00
9999;16.00;168.50;162;0;-30;20;1;1;1.00
10100;16.00;166.00;164;0;-30;20;1;1;1.00
10199;16.00;165.00;161;0;-30;20;1;1;1.00
10300;17.00;161.00;160;1;-30;20;1;1;0.10
10400;17.00;158.50;155;1;-30;20;1;1;0.20
10499;17.00;153.50;149;1;0;50;1;0;0.30
10600;17.00;146.00;145;1;0;50;1;0;0.40
10699;17.00;143.00;142;1;0;50;1;0;0.50
10799;17.00;144.25;147;1;0;50;1;0;0.60
10899;17.00;144.00;145;1;0;50;1;0;0.70
10999;18.00;142.00;146;0;0;50;1;0;0.10
11099;18.00;145.50;146;0;0;50;1;0;0.20
11199;18.00;146.50;146;0;0;50;1;0;0.30
11300;18.00;144.00;142;0;0;50;1;0;0.40
11399;18.00;143.50;147;0;0;50;1;0;0.50
11499;19.00;145.50;145;1;0;50;1;0;0.10
11599;19.00;145.00;145;1;0;50;1;0;0.20
11700;19.00;147.00;149;1;0;50;1;0;0.30
11799;19.00;148.00;143;1;0;50;1;0;0.40
11899;19.00;144.50;144;1;0;50;1;0;0.50
11999;20.00;143.75;145;0;0;50;1;0;0.10
12099;20.00;144.50;143;0;0;50;1;0;0.20
12199;20.00;146.50;145;0;0;50;1;0;0.30
12301;20.00;146.50;147;0;0;50;1;0;0.40
12400;20.00;146.75;148;0;0;50;1;0;0.50
12499;21.00;147.50;141;1;0;50;1;0;0.10
12600;21.00;142.50;129;1;0;50;1;0;0.20
12699;21.00;133.50;123;1;-30;20;1;1;0.30
12800;21.00;122.25;114;1;-30;20;1;1;0.40
12901;21.00;114.00;111;1;-30;20;1;1;0.50
13000;21.00;113.00;107;1;-30;20;1;1;0.60
13101;21.00;109.50;105;1;-30;20;1;1;0.70
13200;21.00;105.25;104;1;-30;20;1;1;0.80
13301;21.00;103.50;103;1;-30;20;1;1;0.90
13401;21.00;102.00;102;1;-30;20;1;1;1.00
13499;22.00;101.50;101;0;-30;20;1;1;0.10
13599;22.00;101.25;103;0;-30;20;1;1;0.20
13700;22.00;101.00;99;0;-30;20;1;1;0.30
13800;22.00;102.50;105;0;-30;20;1;1;0.40
13899;22.00;104.50;106;0;-30;20;1;1;0.50
13999;22.00;105.00;103;0;-30;20;1;1;0.60
14099;22.00;106.00;110;0;-30;20;1;1;0.70
14200;22.00;108.50;116;0;-30;20;1;1;0.80
14300;22.00;110.50;120;0;-30;20;1;1;0.90
14400;22.00;118.00;121;0;-30;20;1;1;1.00
14500;22.00;122.50;128;0;-30;20;1;1;1.00
14600;22.00;125.00;134;0;-30;20;1;1;1.00
14700;22.00;129.00;137;0;-30;20;1;1;1.00
14799;23.00;138.50;146;1;0;50;1;0;0.10
14899;23.00;145.00;145;1;0;50;1;0;0.20
14999;23.00;144.50;144;1;0;50;1;0;0.30
15099;23.00;146.50;146;1;0;50;1;0;0.40
15199;23.00;146.50;143;1;0;50;1;0;0.50
15300;24.00;146.50;146;0;0;50;1;0;0.10
15400;24.00;147.00;150;0;0;50;1;0;0.20
15499;24.00;148.50;162;0;0;50;1;0;0.30
15600;24.00;159.50;166;0;-30;20;1;1;0.40
15700;24.00;166.00;167;0;-30;20;1;1;0.50
15800;24.00;168.50;170;0;-30;20;1;1;0.60
15900;24.00;170.50;174;0;-30;20;1;1;0.70
15999;24.00;173.25;173;0;-30;20;1;1;0.80
16099;24.00;176.00;178;0;-30;20;1;1;0.90
16200;25.00;178.50;181;1;-30;20;1;1;0.10
16300;25.00;179.50;184;1;-30;20;1;1;0.20
16399;25.00;183.25;175;1;-30;20;1;1;0.30
16499;25.00;182.00;181;1;-30;20;1;1;0.40
16599;25.00;178.50;183;1;-30;20;1;1;0.50
16699;25.00;179.00;183;1;-30;20;1;1;0.60
16799;25.00;181.50;176;1;-30;20;1;1;0.70
16900;25.00;177.00;175;1;-30;20;1;1;0.80
16999;25.00;173.00;173;1;-30;20;1;1;0.90
17100;25.00;172.00;170;1;-30;20;1;1;1.00
17199;25.00;169.25;165;1;-30;20;1;1;1.00
17300;25.00;164.00;162;1;-30;20;1;1;1.00
17400;25.00;163.00;162;1;-30;20;1;1;1.00
17499;26.00;159.50;157;0;-30;20;1;1;0.10
17599;26.00;156.25;154;0;-30;20;1;1;0.20
17700;26.00;150.50;145;0;0;50;1;0;0.30
17800;26.00;145.00;144;0;0;50;1;0;0.40
17900;26.00;143.50;146;0;0;50;1;0;0.50
17999;26.00;145.50;147;0;0;50;1;0;0.60
18099;26.00;146.00;144;0;0;50;1;0;0.70
18200;27.00;144.50;143;1;0;50;1;0;0.10
18300;27.00;143.00;144;1;0;50;1;0;0.20
18400;27.00;143.00;141;1;0;50;1;0;0.30
18500;27.00;144.00;145;1;0;50;1;0;0.40
18599;27.00;144.50;147;1;0;50;1;0;0.50
18699;28.00;144.50;144;0;0;50;1;0;0.10
18800;28.00;145.00;143;0;0;50;1;0;0.20
18900;28.00;145.50;146;0;0;50;1;0;0.30
18999;28.00;145.00;144;0;0;50;1;0;0.40
19100;28.00;145.00;144;0;0;50;1;0;0.50
19200;29.00;144.50;144;1;0;50;1;0;0.10
19300;29.00;145.50;146;1;0;50;1;0;0.20
19400;29.00;146.50;143;1;0;50;1;0;0.30
19500;29.00;146.50;145;1;0;50;1;0;0.40
19600;29.00;147.75;161;1;0;50;1;0;0.50
19699;29.00;164.00;181;1;-30;20;1;1;0.60
19799;30.00;177.50;187;0;-30;20;1;1;0.10
19900;30.00;184.00;191;0;-30;20;1;1;0.20
19999;30.00;192.25;200;0;-30;20;1;1;0.30
20099;30.00;201.50;201;0;-30;20;1;1;0.40
20200;30.00;203.00;205;0;-30;20;1;1;0.50
20299;30.00;204.50;208;0;-30;20;1;1;0.60
20400;30.00;208.75;213;0;-30;20;1;1;0.70
20500;30.00;213.00;210;0;-30;20;1;1;0.80
20600;30.00;213.00;213;0;-30;20;1;1;0.90
20699;30.00;213.00;209;0;-30;20;1;1;1.00
20799;30.00;210.00;209;0;-30;20;1;1;1.00
20899;30.00;208.50;208;0;-30;20;1;1;1.00
20999;30.00;205.00;204;0;-30;20;1;1;1.00
21099;31.00;200.00;196;1;-30;20;1;1;0.10
21199;31.00;196.75;191;1;-30;20;1;1;0.20
21299;31.00;193.50;185;1;-30;20;1;1;0.30
21400;31.00;187.50;183;1;-30;20;1;1;0.40
21499;31.00;184.00;168;1;-30;20;1;1;0.50
21599;31.00;171.50;162;1;-30;20;1;1;0.60
21699;31.00;163.50;153;1;-30;20;1;1;0.70
21799;31.00;158.50;147;1;-30;20;1;1;0.80
21899;31.00;152.00;143;1;0;50;1;0;0.90
21999;32.00;144.75;147;0;0;50;1;0;0.10
22099;32.00;145.50;143;0;0;50;1;0;0.20
22199;32.00;145.00;144;0;0;50;1;0;0.30
22299;32.00;144.50;146;0;0;50;1;0;0.40
22399;32.00;145.00;144;0;0;50;1;0;0.50
22499;33.00;144.00;149;1;0;50;1;0;0.10
22599;33.00;144.50;144;1;0;50;1;0;0.20
22699;33.00;144.50;143;1;0;50;1;0;0.30
22799;33.00;143.75;147;1;0;50;1;0;0.40
22899;33.00;146.50;142;1;0;50;1;0;0.50
22999;34.00;147.50;154;0;0;50;1;0;0.10
23099;34.00;150.50;165;0;0;50;1;0;0.20
23199;34.00;163.00;168;0;-30;20;1;1;0.30
23299;34.00;167.00;171;0;-30;20;1;1;0.40
23399;34.00;168.50;175;0;-30;20;1;1;0.50
23499;34.00;171.50;174;0;-30;20;1;1;0.60
23599;34.00;173.75;171;0;-30;20;1;1;0.70
23699;34.00;177.00;177;0;-30;20;1;1;0.80
23799;34.00;175.50;176;0;-30;20;1;1;0.90
23899;34.00;173.00;175;0;-30;20;1;1;1.00
23999;35.00;174.50;173;1;-30;20;1;1;0.10
24099;35.00;173.00;171;1;-30;20;1;1;0.20
24199;35.00;171.00;168;1;-30;20;1;1;0.30
24299;35.00;169.00;169;1;-30;20;1;1;0.40
24399;35.00;168.75;165;1;-30;20;1;1;0.50
24499;35.00;165.00;168;1;-30;20;1;1;0.60
24599;35.00;161.50;159;1;-30;20;1;1;0.70
24699;35.00;159.50;160;1;-30;20;1;1;0.80
24799;35.00;157.00;151;1;-30;20;1;1;0.90
24899;35.00;150.50;147;1;0;50;1;0;1.00
24999;35.00;147.50;144;1;0;50;1;0;1.00
25099;36.00;145.00;147;0;0;50;1;0;0.10
25199;36.00;146.75;148;0;0;50;1;0;0.20
25299;36.00;153.00;160;0;0;50;1;0;0.30
25399;36.00;163.50;172;0;-30;20;1;1;0.40
25499;36.00;171.00;181;0;-30;20;1;1;0.50
25599;36.00;179.00;181;0;-30;20;1;1;0.60
25699;36.00;185.00;184;0;-30;20;1;1;0.70
25799;37.00;186.50;188;1;-30;20;1;1;0.10
25899;37.00;184.00;189;1;-30;20;1;1;0.20
25999;37.00;188.00;190;1;-30;20;1;1;0.30
26099;37.00;189.50;188;1;-30;20;1;1;0.40
26199;37.00;190.50;190;1;-30;20;1;1;0.50
26299;37.00;190.50;187;1;-30;20;1;1;0.60
26399;37.00;187.00;187;1;-30;20;1;1;0.70
26499;37.00;183.50;179;1;-30;20;1;1;0.80
26599;37.00;181.00;182;1;-30;20;1;1;0.90
26699;37.00;181.00;169;1;-30;20;1;1;1.00
26799;37.00;173.25;171;1;-30;20;1;1;1.00
26899;37.00;169.50;163;1;-30;20;1;1;1.00
26999;38.00;163.50;161;0;-30;20;1;1;0.10
27099;38.00;161.00;153;0;-30;20;1;1;0.20
27199;38.00;154.25;146;0;0;50;1;0;0.30
27299;38.00;146.00;142;0;0;50;1;0;0.40
27399;38.00;143.50;145;0;0;50;1;0;0.50
27499;38.00;145.00;147;0;0;50;1;0;0.60
27599;39.00;145.25;145;1;0;50;1;0;0.10
27699;39.00;145.00;145;1;0;50;1;0;0.20
27799;39.00;147.00;145;1;0;50;1;0;0.30
27899;39.00;143.50;146;1;0;50;1;0;0.40
27999;39.00;145.50;148;1;0;50;1;0;0.50
28099;40.00;147.50;143;0;0;50;1;0;0.10
28199;40.00;146.50;142;0;0;50;1;0;0.20
28299;40.00;146.00;146;0;0;50;1;0;0.30
28399;40.00;145.50;144;0;0;50;1;0;0.40
28500;40.00;146.00;145;0;0;50;1;0;0.50
28599;41.00;148.00;162;1;0;50;1;0;0.10
28699;41.00;160.50;179;1;-30;20;1;1;0.20
28799;41.00;177.25;191;1;-30;20;1;1;0.30
28899;41.00;187.00;193;1;-30;20;1;1;0.40
28999;41.00;195.00;198;1;-30;20;1;1;0.50
29099;41.00;198.25;204;1;-30;20;1;1;0.60
29199;41.00;205.50;207;1;-30;20;1;1;0.70
29299;41.00;208.00;208;1;-30;20;1;1;0.80
29399;41.00;209.00;211;1;-30;20;1;1;0.90
29499;41.00;209.50;207;1;-30;20;1;1;1.00
29599;41.00;208.25;209;1;-30;20;1;1;1.00
29699;42.00;209.00;207;0;-30;20;1;1;0.10
29799;42.00;208.50;205;0;-30;20;1;1;0.20
29899;42.00;206.00;198;0;-30;20;1;1;0.30
29999;42.00;199.00;196;0;-30;20;1;1;0.40
30099;42.00;195.50;190;0;-30;20;1;1;0.50
30199;42.00;192.00;186;0;-30;20;1;1;0.60
30299;42.00;186.50;178;0;-30;20;1;1;0.70
30399;42.00;177.50;170;0;-30;20;1;1;0.80
30499;42.00;169.00;160;0;-30;20;1;1;0.90
30599;42.00;162.50;153;0;-30;20;1;1;1.00
0;0.00;0.00;0;0;0;50;0;0;0.10
100;0.00;0.00;0;0;0;50;0;0;0.20
200;0.00;0.00;0;0;0;50;0;0;0.30
300;0.00;0.00;0;0;0;50;1;0;0.40
400;0.00;0.00;0;0;0;50;1;0;0.50
501;0.00;73.00;141;0;0;50;1;0;0.60
601;0.00;144.50;141;0;0;50;1;0;0.70
700;0.00;146.00;147;0;0;50;1;0;0.80
800;0.00;144.00;148;0;0;50;1;0;0.90
900;1.00;143.00;145;1;0;50;1;0;0.10
1000;1.00;144.00;143;1;0;50;1;0;0.20
1099;1.00;143.75;144;1;0;50;1;0;0.30
1199;1.00;141.50;148;1;0;50;1;0;0.40
1300;1.00;141.50;145;1;0;50;1;0;0.50
1400;2.00;143.00;146;0;0;50;1;0;0.10
1499;2.00;144.00;145;0;0;50;1;0;0.20
1599;2.00;145.25;143;0;0;50;1;0;0.30
1699;2.00;144.50;142;0;0;50;1;0;0.40
1800;2.00;144.00;143;0;0;50;1;0;0.50
1900;3.00;145.50;142;1;0;50;1;0;0.10
1999;3.00;144.00;145;1;0;50;1;0;0.20
2099;3.00;144.50;143;1;0;50;1;0;0.30
2199;3.00;145.50;144;1;0;50;1;0;0.40
2299;3.00;146.50;147;1;0;50;1;0;0.50
2399;4.00;145.75;143;0;0;50;1;0;0.10
2499;4.00;144.50;142;0;0;50;1;0;0.20
2600;4.00;143.50;145;0;0;50;1;0;0.30
2700;4.00;144.50;148;0;0;50;1;0;0.40
2799;4.00;147.25;145;0;0;50;1;0;0.50
2900;5.00;146.00;148;1;0;50;1;0;0.10
3000;5.00;146.00;146;1;0;50;1;0;0.20
3100;5.00;144.00;145;1;0;50;1;0;0.30
3199;5.00;143.75;142;1;0;50;1;0;0.40
3299;5.00;142.00;144;1;0;50;1;0;0.50
3400;6.00;145.00;144;0;0;50;1;0;0.10
3499;6.00;144.50;144;0;0;50;1;0;0.20
3599;6.00;145.00;146;0;0;50;1;0;0.30
3699;6.00;145.50;147;0;0;50;1;0;0.40
3800;6.00;145.00;143;0;0;50;1;0;0.50
3899;7.00;144.00;144;1;0;50;1;0;0.10
3999;7.00;144.25;146;1;0;50;1;0;0.20
4099;7.00;146.50;145;1;0;50;1;0;0.30
4200;7.00;144.00;142;1;0;50;1;0;0.40
4299;7.00;143.00;146;1;0;50;1;0;0.50
4400;8.00;145.50;145;0;0;50;1;0;0.10
4500;8.00;146.00;144;0;0;50;1;0;0.20
4599;8.00;146.00;148;0;0;50;1;0;0.30
4699;8.00;145.00;151;0;0;50;1;0;0.40
4799;9.00;148.00;146;1;0;50;1;0;0.10
4899;9.00;145.00;151;1;0;50;1;0;0.20
5000;9.00;145.00;143;1;0;50;1;0;0.30
5099;9.00;144.00;144;1;0;50;1;0;0.40
5200;9.00;144.00;143;1;0;50;1;0;0.50
5299;10.00;144.00;144;0;0;50;1;0;0.10
5399;10.00;143.00;144;0;0;50;1;0;0.20
5499;10.00;143.50;144;0;0;50;1;0;0.30
5600;10.00;143.75;143;0;0;50;1;0;0.40
5699;10.00;143.50;147;0;0;50;1;0;0.50
5800;11.00;145.50;142;1;0;50;1;0;0.10
5899;11.00;144.50;145;1;0;50;1;0;0.20
5999;11.00;144.00;145;1;0;50;1;0;0.30
6100;11.00;145.00;145;1;0;50;1;0;0.40
6200;11.00;145.00;144;1;0;50;1;0;0.50
6299;12.00;144.00;150;0;0;50;1;0;0.10
6399;12.00;147.00;148;0;0;50;1;0;0.20
6499;12.00;143.00;145;0;0;50;1;0;0.30
6600;12.00;143.00;146;0;0;50;1;0;0.40
6699;12.00;147.50;143;0;0;50;1;0;0.50
6799;13.00;145.00;143;1;0;50;1;0;0.10
6899;13.00;144.00;148;1;0;50;1;0;0.20
6999;13.00;146.00;148;1;0;50;1;0;0.30
7099;13.00;144.50;146;1;0;50;1;0;0.40
7199;13.00;144.50;145;1;0;50;1;0;0.50
7299;14.00;145.50;149;0;0;50;1;0;0.10
7400;14.00;145.50;145;0;0;50;0;0;0.20
7499;14.00;144.00;145;0;0;50;0;0;0.30
7601;14.00;145.25;144;0;0;50;0;0;0.40
7700;14.00;145.00;148;0;0;50;0;0;0.50
7800;15.00;142.50;147;1;0;50;0;0;0.10
7900;15.00;144.50;146;1;0;50;0;0;0.20
8001;15.00;148.50;155;1;0;50;0;0;0.30
8100;15.00;158.00;164;1;0;50;0;1;0.40
8200;15.00;163.50;172;1;0;50;0;1;0.50
8300;16.00;169.00;175;0;0;50;0;1;0.10
8400;16.00;174.50;176;0;0;50;0;1;0.20
8500;16.00;174.50;176;0;0;50;0;1;0.30
8600;16.00;173.00;173;0;0;50;0;1;0.40
8701;16.00;173.00;165;0;0;50;0;1;0.50
8801;16.00;166.25;162;0;0;50;0;1;0.60
8900;17.00;158.50;149;1;0;50;0;1;0.10
9001;17.00;151.00;144;1;0;50;0;0;0.20
9100;17.00;146.00;143;1;0;50;0;0;0.30
9200;17.00;143.75;145;1;0;50;0;0;0.40
9300;17.00;142.50;146;1;0;50;0;0;0.50
9400;18.00;144.50;146;0;0;50;0;0;0.10
9500;18.00;147.00;142;0;0;50;0;0;0.20
9600;18.00;144.50;148;0;0;50;0;0;0.30
9700;18.00;147.50;144;0;0;50;0;0;0.40
9800;18.00;145.50;142;0;0;50;0;0;0.50
9900;19.00;146.00;146;1;0;50;0;0;0.10
10000;19.00;146.25;145;1;0;50;0;0;0.20
10099;19.00;146.50;146;1;0;50;0;0;0.30
10201;19.00;146.00;148;1;0;50;0;0;0.40
10300;19.00;145.50;144;1;0;50;0;0;0.50
10400;20.00;145.00;146;0;0;50;0;0;0.10
10500;20.00;143.50;148;0;0;50;0;0;0.20
10600;20.00;143.50;145;0;0;50;0;0;0.30
10700;20.00;143.00;143;0;0;50;0;0;0.40
10800;20.00;143.25;148;0;0;50;0;0;0.50
10900;20.00;146.00;145;0;0;50;0;0;0.60
10999;21.00;145.50;137;1;0;30;0;0;0.10
11100;21.00;141.00;130;1;0;30;0;0;0.20
11200;21.00;131.00;123;1;0;30;0;1;0.30
11300;21.00;122.50;113;1;0;30;0;1;0.40
11399;21.00;115.00;111;1;0;30;0;1;0.50
11499;21.00;111.50;106;1;0;30;0;1;0.60
11599;21.00;106.00;100;1;0;30;0;1;0.70
11700;21.00;100.50;104;1;0;30;0;1;0.80
11800;22.00;99.50;100;0;0;30;0;1;0.10
11900;22.00;99.50;104;0;0;30;0;1;0.20
12000;22.00;102.75;100;0;0;30;0;1;0.30
12100;22.00;105.00;111;0;0;30;0;1;0.40
12200;22.00;109.50;115;0;0;30;0;1;0.50
12300;22.00;113.50;122;0;0;30;0;1;0.60
12400;22.00;121.25;126;0;0;30;0;1;0.70
12500;22.00;129.00;133;0;0;30;0;1;0.80
12600;22.00;133.50;139;0;0;30;0;1;0.90
12700;23.00;137.50;144;1;0;30;0;0;0.10
12800;23.00;143.75;147;1;0;30;0;0;0.20
12900;23.00;144.50;145;1;0;30;0;0;0.30
13001;23.00;143.50;146;1;0;30;0;0;0.40
13101;23.00;144.50;146;1;0;30;0;0;0.50
13200;23.00;145.50;146;1;0;30;0;0;0.60
13300;23.00;146.00;148;1;0;30;0;0;0.70
13400;23.00;145.00;143;1;0;30;0;0;0.80
13500;24.00;146.00;148;0;0;30;0;0;0.10
13600;24.00;147.75;147;0;0;30;0;0;0.20
13700;24.00;145.00;147;0;0;30;0;0;0.30
13800;24.00;147.50;153;0;0;30;0;0;0.40
13900;24.00;155.00;159;0;0;0;0;1;0.50
14000;24.00;160.00;163;0;0;0;0;1;0.60
14100;24.00;162.00;161;0;0;0;0;1;0.70
14200;24.00;161.00;157;0;0;0;0;1;0.80
14300;24.00;162.00;160;0;0;0;0;1;0.90
14400;24.00;159.75;163;0;0;0;0;1;1.00
14500;24.00;157.50;160;0;0;0;0;1;1.00
14600;24.00;159.50;159;0;0;0;0;1;1.00
14700;24.00;160.00;159;0;0;0;0;1;1.00
14800;24.00;159.50;162;0;0;0;0;1;1.00
14900;24.00;160.00;163;0;0;0;0;1;1.00
15000;24.00;160.50;161;0;0;0;0;1;1.00
15100;24.00;161.50;161;0;0;0;0;1;1.00
15200;24.00;160.25;158;0;0;0;0;1;1.00
15300;24.00;160.00;162;0;0;0;0;1;1.00
15400;24.00;162.00;159;0;0;0;0;1;1.00
15501;24.00;161.00;161;0;0;0;0;1;1.00
15600;24.00;161.00;162;0;0;0;0;1;1.00
15700;24.00;161.50;162;0;0;0;0;1;1.00
15800;24.00;160.50;163;0;0;0;0;1;1.00
15899;24.00;161.00;159;0;0;0;0;1;1.00
16000;24.00;161.50;164;0;0;0;0;1;1.00
16100;24.00;163.00;161;0;0;0;0;1;1.00
16200;24.00;160.50;164;0;0;0;0;1;1.00
16300;24.00;162.50;165;0;0;0;0;1;1.00
16400;24.00;164.00;160;0;0;0;0;1;1.00
16500;24.00;162.00;161;0;0;0;0;1;1.00
16601;24.00;160.00;161;0;0;0;0;1;1.00
16701;24.00;160.25;161;0;0;0;0;1;1.00
16801;24.00;159.50;160;0;0;0;0;1;1.00
16900;24.00;159.00;160;0;0;0;0;1;1.00
17000;24.00;161.00;163;0;0;0;0;1;1.00
17100;24.00;161.00;162;0;0;0;0;1;1.00
17200;24.00;162.00;164;0;0;0;0;1;1.00
17300;24.00;162.00;160;0;0;0;0;1;1.00
17400;24.00;159.50;160;0;0;0;0;1;1.00
17499;24.00;160.00;162;0;0;0;0;1;1.00
17600;24.00;162.00;163;0;0;0;0;1;1.00
17700;24.00;161.50;157;0;0;0;0;1;1.00
17800;24.00;159.50;159;0;0;0;0;1;1.00
17900;24.00;160.50;162;0;0;0;0;1;1.00
18000;24.00;162.75;165;0;0;0;0;1;1.00
18100;24.00;163.00;158;0;0;0;0;1;1.00
18199;24.00;162.50;161;0;0;0;0;1;1.00
18300;24.00;162.00;164;0;0;0;0;1;1.00
18400;24.00;162.50;162;0;0;0;0;1;1.00
18500;24.00;162.00;160;0;0;0;0;1;1.00
18600;24.00;161.00;162;0;0;0;0;1;1.00
18700;24.00;160.00;160;0;0;0;0;1;1.00
18800;24.00;160.25;163;0;0;0;0;1;1.00
18900;24.00;161.50;160;0;0;0;0;1;1.00
19000;24.00;160.50;159;0;0;0;0;1;1.00
19100;24.00;160.00;160;0;0;0;0;1;1.00
19199;24.00;160.50;160;0;0;0;0;1;1.00
19300;24.00;160.50;160;0;0;0;0;1;1.00
19400;24.00;160.50;160;0;0;0;0;1;1.00
19500;24.00;161.00;164;0;0;0;0;1;1.00
19600;24.00;163.00;159;0;0;0;0;1;1.00
19700;24.00;161.50;160;0;0;0;0;1;1.00
19800;24.00;159.50;160;0;0;0;0;1;1.00
19900;24.00;159.50;163;0;0;0;0;1;1.00
20000;24.00;162.00;159;0;0;0;0;1;1.00
20100;24.00;160.50;162;0;0;0;0;1;1.00
20200;24.00;159.50;162;0;0;0;0;1;1.00
20300;24.00;161.00;160;0;0;0;0;1;1.00
20400;24.00;161.00;158;0;0;0;0;1;1.00
20500;24.00;162.00;158;0;0;0;0;1;1.00
20600;24.00;161.00;160;0;0;0;0;1;1.00
20700;24.00;160.00;161;0;0;0;0;1;1.00
20800;24.00;160.50;162;0;0;0;0;1;1.00
20900;24.00;159.00;159;0;0;0;0;1;1.00
21000;24.00;159.00;164;0;0;0;0;1;1.00
21100;24.00;162.00;159;0;0;0;0;1;1.00
21200;24.00;160.00;165;0;0;0;0;1;1.00
21300;24.00;160.50;161;0;0;0;0;1;1.00
21400;24.00;159.50;162;0;0;0;0;1;1.00
21500;24.00;159.00;161;0;0;0;0;1;1.00
21600;24.00;160.75;160;0;0;0;0;1;1.00
21700;24.00;159.00;161;0;0;0;0;1;1.00
21800;24.00;160.00;157;0;0;0;0;1;1.00
21900;24.00;159.00;160;0;0;0;0;1;1.00
22000;24.00;162.00;165;0;0;0;0;1;1.00
22100;24.00;163.00;160;0;0;0;0;1;1.00
22200;24.00;162.00;159;0;0;0;0;1;1.00
22300;24.00;162.50;163;0;0;0;0;1;1.00
22400;24.00;161.50;158;0;0;0;0;1;1.00
22499;24.00;157.50;159;0;0;0;0;1;1.00
22600;24.00;157.50;163;0;0;0;0;1;1.00
22701;24.00;159.00;161;0;0;0;0;1;1.00
22801;24.00;160.00;161;0;0;0;0;1;1.00
22901;24.00;158.50;163;0;0;0;0;1;1.00
23000;24.00;159.50;161;0;0;0;0;1;1.00
23101;24.00;160.50;156;0;0;0;0;1;1.00
23200;24.00;159.25;164;0;0;0;0;1;1.00
23302;24.00;160.50;160;0;0;0;0;1;1.00
23400;24.00;159.00;158;0;0;0;0;1;1.00
23501;24.00;161.00;160;0;0;0;0;1;1.00
23600;24.00;160.00;159;0;0;0;0;1;1.00
23701;24.00;158.50;160;0;0;0;0;1;1.00
23801;24.00;158.00;161;0;0;0;0;1;1.00
23901;24.00;159.50;157;0;0;0;0;1;1.00
24001;24.00;158.75;160;0;0;0;0;1;1.00
24101;24.00;162.50;161;0;0;0;0;1;1.00
24201;24.00;163.50;158;0;0;0;0;1;1.00
24301;24.00;161.00;161;0;0;0;0;1;1.00
24401;24.00;160.25;160;0;0;0;0;1;1.00
24501;24.00;159.50;161;0;0;0;0;1;1.00
24602;24.00;160.00;161;0;0;0;0;1;1.00
24700;24.00;160.50;163;0;0;0;0;1;1.00
24800;24.00;162.00;161;0;0;0;0;1;1.00
24902;24.00;161.00;158;0;0;0;0;1;1.00
25000;24.00;162.50;160;0;0;0;0;1;1.00
25100;24.00;161.50;164;0;0;0;0;1;1.00
25200;24.00;162.25;160;0;0;0;0;1;1.00
25300;24.00;161.50;160;0;0;0;0;1;1.00
25400;24.00;159.50;159;0;0;0;0;1;1.00
25500;24.00;160.50;159;0;0;0;0;1;1.00
25601;24.00;160.00;158;0;0;0;0;1;1.00
25700;24.00;161.00;161;0;0;0;0;1;1.00
25801;24.00;161.50;165;0;0;0;0;1;1.00
25899;24.00;162.50;159;0;0;0;0;1;1.00
25999;24.00;162.00;159;0;0;0;0;1;1.00
26100;24.00;163.00;160;0;0;0;0;1;1.00
26199;24.00;161.50;161;0;0;0;0;1;1.00
26299;24.00;161.50;160;0;0;0;0;1;1.00
26399;24.00;159.25;160;0;0;0;0;1;1.00
26500;24.00;159.00;159;0;0;0;0;1;1.00
26599;24.00;163.00;159;0;0;0;0;1;1.00
26700;24.00;161.50;161;0;0;0;0;1;1.00
26799;24.00;160.00;160;0;0;0;0;1;1.00
26899;24.00;159.50;159;0;0;0;0;1;1.00
26999;24.00;159.00;161;0;0;0;0;1;1.00
27099;24.00;159.50;161;0;0;0;0;1;1.00
27199;24.00;161.50;162;0;0;0;0;1;1.00
27300;24.00;161.50;159;0;0;0;0;1;1.00
27400;24.00;161.50;161;0;0;0;0;1;1.00
27500;24.00;161.50;157;0;0;0;0;1;1.00
27600;24.00;158.75;164;0;0;0;0;1;1.00
27699;24.00;162.50;163;0;0;0;0;1;1.00
27799;24.00;163.00;163;0;0;0;0;1;1.00
27899;24.00;160.50;161;0;0;0;0;1;1.00
28000;24.00;160.75;162;0;0;0;0;1;1.00
28099;24.00;161.00;155;0;0;0;0;1;1.00
28199;24.00;161.50;158;0;0;0;0;1;1.00
28300;24.00;161.00;161;0;0;0;0;1;1.00
28400;24.00;160.75;162;0;0;0;0;1;1.00
28500;24.00;163.50;161;0;0;0;0;1;1.00
28600;24.00;165.00;162;0;0;0;0;1;1.00
28699;24.00;163.50;159;0;0;0;0;1;1.00
28800;24.00;160.50;162;0;0;0;0;1;1.00
28900;24.00;162.00;163;0;0;0;0;1;1.00
28999;24.00;162.00;161;0;0;0;0;1;1.00
29099;24.00;163.00;161;0;0;0;0;1;1.00
29199;24.00;161.75;161;0;0;0;0;1;1.00
29300;24.00;161.00;160;0;0;0;0;1;1.00
29400;24.00;161.50;163;0;0;0;0;1;1.00
29499;24.00;163.00;161;0;0;0;0;1;1.00
29600;24.00;162.25;163;0;0;0;0;1;1.00
29700;24.00;161.50;161;0;0;0;0;1;1.00
29799;24.00;160.00;158;0;0;0;0;1;1.00
29899;24.00;161.50;163;0;0;0;0;1;1.00
30000;24.00;162.75;162;0;0;0;0;1;1.00
30101;24.00;161.50;158;0;0;0;0;1;1.00
30200;24.00;162.50;164;0;0;0;0;1;1.00
30300;24.00;162.50;162;0;0;0;0;1;1.00
30401;24.00;162.25;160;0;0;0;0;1;1.00
30501;24.00;163.50;163;0;0;0;0;1;1.00
30600;24.00;163.00;161;0;0;0;0;1;1.00
30700;24.00;162.00;161;0;0;0;0;1;1.00
30800;24.00;161.25;161;0;0;0;0;1;1.00
30901;24.00;160.00;159;0;0;0;0;1;1.00
31000;24.00;158.50;160;0;0;0;0;1;1.00
31099;24.00;159.50;160;0;0;0;0;1;1.00
31201;24.00;160.25;159;0;0;0;0;1;1.00
31300;24.00;161.50;156;0;0;0;0;1;1.00
31401;24.00;161.00;159;0;0;0;0;1;1.00
31501;24.00;159.50;159;0;0;0;0;1;1.00
31601;24.00;159.50;161;0;0;0;0;1;1.00
31700;24.00;162.00;159;0;0;0;0;1;1.00
31801;24.00;162.00;164;0;0;0;0;1;1.00
31900;24.00;161.00;159;0;0;0;0;1;1.00
32000;24.00;160.25;161;0;0;0;0;1;1.00
32101;24.00;161.00;160;0;0;0;0;1;1.00
32200;24.00;159.50;162;0;0;0;0;1;1.00
32300;24.00;160.50;164;0;0;0;0;1;1.00
32400;24.00;162.25;159;0;0;0;0;1;1.00
32502;24.00;161.00;159;0;0;0;0;1;1.00
32601;24.00;162.50;161;0;0;0;0;1;1.00
32701;24.00;162.00;162;0;0;0;0;1;1.00
32800;24.00;161.50;160;0;0;0;0;1;1.00
32900;24.00;161.00;161;0;0;0;0;1;1.00
33001;24.00;163.00;164;0;0;0;0;1;1.00
33100;24.00;162.00;163;0;0;0;0;1;1.00
33203;24.00;161.75;161;0;0;0;0;1;1.00
33300;24.00;160.50;160;0;0;0;0;1;1.00
33400;24.00;160.00;158;0;0;0;0;1;1.00
33501;24.00;159.00;162;0;0;0;0;1;1.00
33601;24.00;160.50;161;0;0;0;0;1;1.00
33701;24.00;161.00;164;0;0;0;0;1;1.00
33800;24.00;160.00;160;0;0;0;0;1;1.00
33899;24.00;159.00;159;0;0;0;0;1;1.00
34001;24.00;160.00;163;0;0;0;0;1;1.00
34101;24.00;163.00;161;0;0;0;0;1;1.00
34199;24.00;164.50;159;0;0;0;0;1;1.00
34300;24.00;162.00;160;0;0;0;0;1;1.00
34400;24.00;160.00;163;0;0;0;0;1;1.00
34500;24.00;162.00;160;0;0;0;0;1;1.00
34599;24.00;163.00;163;0;0;0;0;1;1.00
34699;24.00;162.50;162;0;0;0;0;1;1.00
34800;24.00;161.00;160;0;0;0;0;1;1.00
34899;24.00;160.50;162;0;0;0;0;1;1.00
34999;24.00;162.00;160;0;0;0;0;1;1.00
35100;24.00;161.00;163;0;0;0;0;1;1.00
35200;24.00;161.75;161;0;0;0;0;1;1.00
35299;24.00;160.50;162;0;0;0;0;1;1.00
35399;24.00;161.00;160;0;0;0;0;1;1.00
35499;24.00;161.50;160;0;0;0;0;1;1.00
35600;24.00;160.75;160;0;0;0;0;1;1.00
35700;24.00;160.50;160;0;0;0;0;1;1.00
35800;24.00;159.50;162;0;0;0;0;1;1.00
35900;24.00;161.00;163;0;0;0;0;1;1.00
36000;24.00;162.50;161;0;0;0;0;1;1.00
36100;24.00;160.00;161;0;0;0;0;1;1.00
36199;24.00;160.00;161;0;0;0;0;1;1.00
36300;24.00;161.50;156;0;0;0;0;1;1.00
36400;24.00;158.25;160;0;0;0;0;1;1.00
36500;24.00;159.00;162;0;0;0;0;1;1.00
36599;24.00;160.50;159;0;0;0;0;1;1.00
36700;24.00;161.50;161;0;0;0;0;1;1.00
36799;24.00;160.75;160;0;0;0;0;1;1.00
36900;24.00;162.50;159;0;0;0;0;1;1.00
37000;24.00;165.00;160;0;0;0;0;1;1.00
37100;24.00;163.00;161;0;0;0;0;1;1.00
37200;24.00;161.00;158;0;0;0;0;1;1.00
37299;24.00;161.00;160;0;0;0;0;1;1.00
37399;24.00;160.50;161;0;0;0;0;1;1.00
37500;24.00;159.00;162;0;0;0;0;1;1.00
37600;24.00;160.75;161;0;0;0;0;1;1.00
37700;24.00;160.50;160;0;0;0;0;1;1.00
37799;24.00;159.00;156;0;0;0;0;1;1.00
37899;24.00;158.00;161;0;0;0;0;1;1.00
38000;24.00;160.75;163;0;0;0;0;1;1.00
38099;24.00;162.00;161;0;0;0;0;1;1.00
38199;24.00;160.50;160;0;0;0;0;1;1.00
38300;24.00;159.50;164;0;0;0;0;1;1.00
38400;24.00;161.75;160;0;0;0;0;1;1.00
38500;24.00;160.00;158;0;0;0;0;1;1.00
38599;24.00;162.50;157;0;0;0;0;1;1.00
38700;24.00;163.00;161;0;0;0;0;1;1.00
38799;24.00;161.50;163;0;0;0;0;1;1.00
38900;24.00;161.00;158;0;0;0;0;1;1.00
39000;24.00;159.50;162;0;0;0;0;1;1.00
39101;24.00;161.00;161;0;0;0;0;1;1.00
39200;24.00;161.75;159;0;0;0;0;1;1.00
39299;24.00;162.00;159;0;0;0;0;1;1.00
39399;24.00;163.00;161;0;0;0;0;1;1.00
39499;24.00;163.00;159;0;0;0;0;1;1.00
39599;24.00;160.25;159;0;0;0;0;1;1.00
39699;24.00;159.50;163;0;0;0;0;1;1.00
39799;24.00;158.50;163;0;0;0;0;1;1.00
39901;24.00;161.50;162;0;0;0;0;1;1.00
40001;24.00;162.25;160;0;0;0;0;1;1.00
40101;24.00;161.00;162;0;0;0;0;1;1.00
40201;24.00;160.50;161;0;0;0;0;1;1.00
40300;24.00;161.50;162;0;0;0;0;1;1.00
40401;24.00;162.25;163;0;0;0;0;1;1.00
40501;24.00;161.00;157;0;0;0;0;1;1.00
40601;24.00;159.00;161;0;0;0;0;1;1.00
40701;24.00;160.00;161;0;0;0;0;1;1.00
40801;24.00;160.00;157;0;0;0;0;1;1.00
40901;24.00;159.00;158;0;0;0;0;1;1.00
41001;24.00;160.50;159;0;0;0;0;1;1.00
41101;24.00;160.00;159;0;0;0;0;1;1.00
41200;24.00;158.75;159;0;0;0;0;1;1.00
41301;24.00;158.50;161;0;0;0;0;1;1.00
41401;24.00;161.50;160;0;0;0;0;1;1.00
41500;24.00;164.00;162;0;0;0;0;1;1.00
41601;24.00;162.25;162;0;0;0;0;1;1.00
41701;24.00;160.50;162;0;0;0;0;1;1.00
41800;24.00;160.50;161;0;0;0;0;1;1.00
41901;24.00;160.50;166;0;0;0;0;1;1.00
42000;24.00;163.25;160;0;0;0;0;1;1.00
42100;24.00;161.00;160;0;0;0;0;1;1.00
42201;24.00;160.00;161;0;0;0;0;1;1.00
42301;24.00;159.50;160;0;0;0;0;1;1.00
42400;24.00;161.50;162;0;0;0;0;1;1.00
42501;24.00;163.00;156;0;0;0;0;1;1.00
42600;24.00;161.50;163;0;0;0;0;1;1.00
42700;24.00;161.00;161;0;0;0;0;1;1.00
42800;24.00;161.75;164;0;0;0;0;1;1.00
42901;24.00;162.50;161;0;0;0;0;1;1.00
43000;24.00;161.00;158;0;0;0;0;1;1.00
43100;24.00;162.50;163;0;0;0;0;1;1.00
43200;24.00;162.75;162;0;0;0;0;1;1.00
43299;24.00;161.50;160;0;0;0;0;1;1.00
43400;24.00;160.50;162;0;0;0;0;1;1.00
43500;24.00;160.00;157;0;0;0;0;1;1.00
43600;24.00;158.75;160;0;0;0;0;1;1.00
43700;24.00;162.00;159;0;0;0;0;1;1.00
43800;24.00;159.50;161;0;0;0;0;1;1.00
43900;24.00;157.00;160;0;0;0;0;1;1.00
44000;24.00;159.50;159;0;0;0;0;1;1.00
44100;24.00;159.50;161;0;0;0;0;1;1.00
44200;24.00;160.00;162;0;0;0;0;1;1.00
44300;24.00;159.50;162;0;0;0;0;1;1.00
44400;24.00;160.75;159;0;0;0;0;1;1.00
44500;24.00;161.00;160;0;0;0;0;1;1.00
44600;24.00;159.00;159;0;0;0;0;1;1.00
44700;24.00;158.00;162;0;0;0;0;1;1.00
44800;24.00;161.50;161;0;0;0;0;1;1.00
44900;24.00;161.00;165;0;0;0;0;1;1.00
45000;24.00;159.50;164;0;0;0;0;1;1.00
45100;24.00;160.50;162;0;0;0;0;1;1.00
45200;24.00;161.75;162;0;0;0;0;1;1.00
45300;24.00;162.00;159;0;0;0;0;1;1.00
45400;24.00;161.50;160;0;0;0;0;1;1.00
45500;24.00;162.00;161;0;0;0;0;1;1.00
45600;24.00;161.75;162;0;0;0;0;1;1.00
45701;24.00;160.50;159;0;0;0;0;1;1.00
45800;24.00;161.00;161;0;0;0;0;1;1.00
45900;24.00;162.50;159;0;0;0;0;1;1.00
45999;24.00;160.50;156;0;0;0;0;1;1.00
46102;24.00;160.50;160;0;0;0;0;1;1.00
46200;24.00;159.00;161;0;0;0;0;1;1.00
46299;24.00;160.00;160;0;0;0;0;1;1.00
46402;24.00;161.00;162;0;0;0;0;1;1.00
46500;24.00;161.50;160;0;0;0;0;1;1.00
46600;24.00;159.00;161;0;0;0;0;1;1.00
46700;24.00;159.50;163;0;0;0;0;1;1.00
46800;24.00;162.00;160;0;0;0;0;1;1.00
46900;24.00;162.50;162;0;0;0;0;1;1.00
47000;24.00;161.50;158;0;0;0;0;1;1.00
47100;24.00;159.50;160;0;0;0;0;1;1.00
47201;24.00;159.50;158;0;0;0;0;1;1.00
47300;24.00;161.00;159;0;0;0;0;1;1.00
47400;24.00;162.00;162;0;0;0;0;1;1.00
47501;24.00;161.00;161;0;0;0;0;1;1.00
47600;24.00;161.00;160;0;0;0;0;1;1.00
47700;24.00;161.50;163;0;0;0;0;1;1.00
47800;24.00;160.50;160;0;0;0;0;1;1.00
47900;24.00;161.50;160;0;0;0;0;1;1.00
48000;24.00;161.75;159;0;0;0;0;1;1.00
48100;24.00;161.00;161;0;0;0;0;1;1.00
48201;24.00;160.50;163;0;0;0;0;1;1.00
48300;24.00;161.50;163;0;0;0;0;1;1.00
48400;24.00;162.50;161;0;0;0;0;1;1.00
48500;24.00;163.00;162;0;0;0;0;1;1.00
48600;24.00;163.00;158;0;0;0;0;1;1.00
48699;24.00;160.00;163;0;0;0;0;1;1.00
48800;24.00;161.25;160;0;0;0;0;1;1.00
48901;24.00;162.00;160;0;0;0;0;1;1.00
49000;24.00;162.00;164;0;0;0;0;1;1.00
49100;24.00;161.50;160;0;0;0;0;1;1.00
49200;24.00;160.75;161;0;0;0;0;1;1.00
49301;24.00;161.50;162;0;0;0;0;1;1.00
49401;24.00;160.50;162;0;0;0;0;1;1.00
49501;24.00;160.50;161;0;0;0;0;1;1.00
49601;24.00;160.75;159;0;0;0;0;1;1.00
49701;24.00;159.50;158;0;0;0;0;1;1.00
49801;24.00;159.50;159;0;0;0;0;1;1.00
49900;24.00;161.50;161;0;0;0;0;1;1.00
50001;24.00;161.50;156;0;0;0;0;1;1.00
50101;24.00;162.00;164;0;0;0;0;1;1.00
50201;24.00;162.50;159;0;0;0;0;1;1.00
50301;24.00;160.00;161;0;0;0;0;1;1.00
50400;24.00;160.25;160;0;0;0;0;1;1.00
50501;24.00;162.00;156;0;0;0;0;1;1.00
50600;24.00;163.00;158;0;0;0;0;1;1.00
50700;24.00;162.50;163;0;0;0;0;1;1.00
50800;24.00;162.50;160;0;0;0;0;1;1.00
50901;24.00;161.00;160;0;0;0;0;1;1.00
51001;24.00;160.00;158;0;0;0;0;1;1.00
51100;24.00;158.50;157;0;0;0;0;1;1.00
51200;24.00;158.75;163;0;0;0;0;1;1.00
51299;24.00;163.50;158;0;0;0;0;1;1.00
51399;24.00;163.00;161;0;0;0;0;1;1.00
51500;24.00;161.50;158;0;0;0;0;1;1.00
51600;24.00;159.75;160;0;0;0;0;1;1.00
51699;24.00;160.00;163;0;0;0;0;1;1.00
51800;24.00;161.00;162;0;0;0;0;1;1.00
51900;24.00;162.00;162;0;0;0;0;1;1.00
52000;24.00;162.25;160;0;0;0;0;1;1.00
52099;24.00;162.00;162;0;0;0;0;1;1.00
52199;24.00;160.00;158;0;0;0;0;1;1.00
52299;24.00;160.00;156;0;0;0;0;1;1.00
52399;24.00;158.50;167;0;0;0;0;1;1.00
52500;24.00;161.50;161;0;0;0;0;1;1.00
52599;24.00;160.00;159;0;0;0;0;1;1.00
52700;24.00;160.50;161;0;0;0;0;1;1.00
52800;24.00;160.00;160;0;0;0;0;1;1.00
52900;24.00;159.50;163;0;0;0;0;1;1.00
53000;24.00;161.00;158;0;0;0;0;1;1.00
53100;24.00;159.50;159;0;0;0;0;1;1.00
53200;24.00;159.50;160;0;0;0;0;1;1.00
53299;24.00;159.50;161;0;0;0;0;1;1.00
53399;24.00;160.00;164;0;0;0;0;1;1.00
53499;24.00;161.50;161;0;0;0;0;1;1.00
53600;24.00;161.25;162;0;0;0;0;1;1.00
53699;24.00;162.00;161;0;0;0;0;1;1.00
53800;24.00;160.00;162;0;0;0;0;1;1.00
53899;24.00;159.00;162;0;0;0;0;1;1.00
53999;24.00;160.75;159;0;0;0;0;1;1.00
54099;24.00;159.00;160;0;0;0;0;1;1.00
54200;24.00;160.00;161;0;0;0;0;1;1.00
54299;24.00;161.00;164;0;0;0;0;1;1.00
54400;24.00;162.50;161;0;0;0;0;1;1.00
54500;24.00;162.00;162;0;0;0;0;1;1.00
54600;24.00;162.50;162;0;0;0;0;1;1.00
54700;24.00;160.00;158;0;0;0;0;1;1.00
54801;24.00;159.00;163;0;0;0;0;1;1.00
54901;24.00;162.00;161;0;0;0;0;1;1.00
55001;24.00;161.50;164;0;0;0;0;1;1.00
55101;24.00;162.50;162;0;0;0;0;1;1.00
55201;24.00;162.75;163;0;0;0;0;1;1.00
55300;24.00;162.50;159;0;0;0;0;1;1.00
55402;24.00;162.00;161;0;0;0;0;1;1.00
55500;24.00;161.00;160;0;0;0;0;1;1.00
55601;24.00;160.25;162;0;0;0;0;1;1.00
55701;24.00;161.00;162;0;0;0;0;1;1.00
55801;24.00;162.00;158;0;0;0;0;1;1.00
55901;24.00;160.50;162;0;0;0;0;1;1.00
56001;24.00;159.75;157;0;0;0;0;1;1.00
56100;24.00;160.50;163;0;0;0;0;1;1.00
56201;24.00;162.50;160;0;0;0;0;1;1.00
56301;24.00;160.50;158;0;0;0;0;1;1.00
56401;24.00;159.00;159;0;0;0;0;1;1.00
56501;24.00;160.00;161;0;0;0;0;1;1.00
56601;24.00;159.50;161;0;0;0;0;1;1.00
56700;24.00;159.50;162;0;0;0;0;1;1.00
56800;24.00;162.00;164;0;0;0;0;1;1.00
56900;24.00;163.50;161;0;0;0;0;1;1.00
57000;24.00;163.00;159;0;0;0;0;1;1.00
57101;24.00;163.00;160;0;0;0;0;1;1.00
57201;24.00;160.25;161;0;0;0;0;1;1.00
57300;24.00;157.50;161;0;0;0;0;1;1.00
57400;24.00;160.50;157;0;0;0;0;1;1.00
57500;24.00;160.50;158;0;0;0;0;1;1.00
57601;24.00;160.25;162;0;0;0;0;1;1.00
57701;24.00;161.50;164;0;0;0;0;1;1.00
57801;24.00;161.00;158;0;0;0;0;1;1.00
57901;24.00;162.00;159;0;0;0;0;1;1.00
58001;24.00;160.25;161;0;0;0;0;1;1.00
58102;24.00;160.00;160;0;0;0;0;1;1.00
58200;24.00;160.50;164;0;0;0;0;1;1.00
58301;24.00;162.50;163;0;0;0;0;1;1.00
58401;24.00;162.75;161;0;0;0;0;1;1.00
58501;24.00;160.50;161;0;0;0;0;1;1.00
58601;24.00;160.50;159;0;0;0;0;1;1.00
58701;24.00;159.50;164;0;0;0;0;1;1.00
58801;24.00;161.75;160;0;0;0;0;1;1.00
58901;24.00;161.50;161;0;0;0;0;1;1.00
59000;24.00;162.00;160;0;0;0;0;1;1.00
59099;24.00;161.00;158;0;0;0;0;1;1.00
59199;24.00;159.50;162;0;0;0;0;1;1.00
59299;24.00;160.50;160;0;0;0;0;1;1.00
59399;24.00;161.00;158;0;0;0;0;1;1.00
59500;24.00;161.00;161;0;0;0;0;1;1.00
59600;24.00;160.50;161;0;0;0;0;1;1.00
59700;24.00;162.00;158;0;0;0;0;1;1.00
59800;24.00;162.50;162;0;0;0;0;1;1.00
59900;24.00;161.00;162;0;0;0;0;1;1.00
59999;24.00;161.25;161;0;0;0;0;1;1.00
60100;24.00;159.50;160;0;0;0;0;1;1.00
60199;24.00;160.50;159;0;0;0;0;1;1.00
60299;24.00;162.00;164;0;0;0;0;1;1.00
60400;24.00;162.25;160;0;0;0;0;1;1.00
60499;24.00;159.00;157;0;0;0;0;1;1.00
60599;24.00;160.00;161;0;0;0;0;1;1.00
60700;24.00;161.00;159;0;0;0;0;1;1.00
60799;24.00;159.25;159;0;0;0;0;1;1.00
60899;24.00;161.00;159;0;0;0;0;1;1.00
60999;24.00;162.00;161;0;0;0;0;1;1.00
61099;24.00;161.00;160;0;0;0;0;1;1.00
61200;24.00;162.25;160;0;0;0;0;1;1.00
61300;24.00;162.00;162;0;0;0;0;1;1.00
0;0.00;0.00;0;0;0;50;0;0;0.10
100;0.00;0.00;0;0;0;50;0;0;0.20
200;0.00;0.00;0;0;0;50;0;0;0.30
299;0.00;0.00;0;0;0;50;0;0;0.40
400;0.00;0.00;0;0;0;50;1;0;0.50
500;0.00;0.00;146;0;0;50;1;0;0.60
599;0.00;70.50;149;0;0;50;1;0;0.70
700;0.00;145.00;147;0;0;50;1;0;0.80
800;0.00;147.00;141;0;0;50;1;0;0.90
900;0.00;144.50;145;0;0;50;1;0;1.00
1000;1.00;144.50;145;1;0;50;1;0;0.10
1099;1.00;145.00;145;1;0;50;1;0;0.20
1199;1.00;144.25;139;1;0;50;1;0;0.30
1300;1.00;143.00;144;1;0;50;1;0;0.40
1400;2.00;144.50;146;0;0;50;1;0;0.10
1499;2.00;145.50;142;0;0;50;1;0;0.20
1600;2.00;143.50;145;0;0;50;1;0;0.30
1700;2.00;145.00;144;0;0;50;1;0;0.40
1800;2.00;144.00;145;0;0;50;1;0;0.50
1900;2.00;141.75;139;0;0;50;1;0;0.60
2000;3.00;141.50;145;1;0;50;1;0;0.10
2101;3.00;145.50;144;1;0;50;1;0;0.20
2201;3.00;145.00;146;1;0;50;1;0;0.30
2300;3.00;144.50;143;1;0;50;1;0;0.40
2401;3.00;144.25;144;1;0;50;1;0;0.50
2500;4.00;144.00;146;0;0;50;1;0;0.10
2600;4.00;142.50;147;0;0;50;1;0;0.20
2700;4.00;144.50;147;0;0;50;1;0;0.30
2801;4.00;147.25;148;0;0;50;1;0;0.40
2901;4.00;146.50;148;0;0;50;1;0;0.50
3000;5.00;146.00;145;1;0;50;1;0;0.10
3101;5.00;147.00;143;1;0;50;1;0;0.20
3200;5.00;144.50;145;1;0;50;1;0;0.30
3300;5.00;144.50;144;1;0;50;1;0;0.40
3400;5.00;143.00;144;1;0;50;1;0;0.50
3501;5.00;145.00;144;1;0;50;1;0;0.60
3600;6.00;145.00;144;0;0;50;1;0;0.10
3700;6.00;145.00;146;0;0;50;1;0;0.20
3801;6.00;147.00;147;0;0;50;1;0;0.30
3900;6.00;147.00;143;0;0;50;1;0;0.40
4001;6.00;144.00;144;0;0;50;1;0;0.50
4101;7.00;145.00;146;1;0;50;1;0;0.10
4200;7.00;145.00;145;1;0;50;1;0;0.20
4301;7.00;144.00;142;1;0;50;1;0;0.30
4401;7.00;143.50;146;1;0;50;1;0;0.40
4500;7.00;145.00;145;1;0;50;1;0;0.50
4601;8.00;144.00;144;0;0;50;1;0;0.10
4700;8.00;144.00;148;0;0;50;1;0;0.20
4801;8.00;146.00;146;0;0;50;1;0;0.30
4901;8.00;147.50;145;0;0;50;1;0;0.40
5000;8.00;148.50;145;0;0;50;1;0;0.50
5100;8.00;146.50;145;0;0;50;1;0;0.60
5201;9.00;145.50;145;1;0;50;1;0;0.10
5300;9.00;144.50;146;1;0;50;1;0;0.20
5401;9.00;144.50;143;1;0;50;1;0;0.30
5500;9.00;143.00;143;1;0;50;1;0;0.40
5601;9.00;142.75;144;1;0;50;1;0;0.50
5700;10.00;144.00;145;0;0;50;1;0;0.10
5800;10.00;143.50;144;0;0;50;1;0;0.20
5902;10.00;144.50;147;0;0;50;1;0;0.30
6000;10.00;144.50;142;0;0;50;1;0;0.40
6101;10.00;144.50;145;0;0;50;1;0;0.50
6200;11.00;145.50;145;1;0;50;1;0;0.10
6300;11.00;145.50;145;1;0;50;1;0;0.20
6402;11.00;145.25;144;1;0;50;1;0;0.30
6501;11.00;144.50;150;1;0;50;1;0;0.40
6600;11.00;144.50;148;1;0;50;1;0;0.50
6700;12.00;145.00;145;0;0;50;1;0;0.10
6800;12.00;145.50;146;0;0;50;1;0;0.20
6900;12.00;146.00;143;0;0;50;1;0;0.30
7000;12.00;144.50;143;0;0;50;1;0;0.40
7099;12.00;144.00;148;0;0;50;1;0;0.50
7199;13.00;147.25;148;1;0;50;1;0;0.10
7299;13.00;147.00;146;1;0;50;1;0;0.20
7400;13.00;145.00;145;1;0;50;1;0;0.30
7500;13.00;144.50;149;1;0;50;1;0;0.40
7600;13.00;147.00;145;1;0;50;1;0;0.50
7700;14.00;144.50;145;0;0;50;1;0;0.10
7800;14.00;145.50;144;0;0;50;1;0;0.20
7900;14.00;145.25;148;0;0;50;1;0;0.30
8000;14.00;147.50;147;0;0;50;1;0;0.40
8100;14.00;145.00;145;0;0;50;1;0;0.50
8200;15.00;145.00;144;1;0;50;1;0;0.10
8300;15.00;144.00;145;1;0;50;1;0;0.20
8400;15.00;150.50;161;1;0;50;1;0;0.30
8500;15.00;157.00;167;1;-30;20;1;1;0.40
8599;15.00;162.00;165;1;-30;20;1;1;0.50
8700;15.00;165.50;170;1;-30;20;1;1;0.60
8800;15.00;169.50;172;1;-30;20;1;1;0.70
8900;16.00;172.00;175;0;-30;20;1;1;0.10
9000;16.00;174.00;177;0;-30;20;1;1;0.20
9100;16.00;177.00;175;0;-30;20;1;1;0.30
9200;16.00;175.75;172;0;-30;20;1;1;0.40
9300;16.00;175.00;175;0;-30;20;1;1;0.50
9400;16.00;174.50;171;0;-30;20;1;1;0.60
9500;16.00;173.00;171;0;-30;20;1;1;0.70
9599;16.00;171.75;170;0;-30;20;1;1;0.80
9700;16.00;173.00;173;0;-30;20;1;1;0.90
9800;16.00;172.00;167;0;-30;20;1;1;1.00
9900;16.00;169.50;161;0;-30;20;1;1;1.00
9999;16.00;162.75;163;0;-30;20;1;1;1.00
10100;16.00;161.00;158;0;-30;20;1;1;1.00
10200;17.00;157.50;155;1;-30;20;1;1;0.10
10300;17.00;155.00;153;1;-30;20;1;1;0.20
10400;17.00;151.75;144;1;0;50;1;0;0.30
10500;17.00;143.00;145;1;0;50;1;0;0.40
10600;17.00;144.50;142;1;0;50;1;0;0.50
10700;17.00;148.50;147;1;0;50;1;0;0.60
10800;18.00;146.75;145;0;0;50;1;0;0.10
10901;18.00;144.50;146;0;0;50;1;0;0.20
11000;18.00;146.00;146;0;0;50;1;0;0.30
11100;18.00;146.50;146;0;0;50;1;0;0.40
11200;18.00;144.75;142;0;0;50;1;0;0.50
11301;18.00;144.00;147;0;0;50;1;0;0.60
11401;19.00;146.00;145;1;0;50;1;0;0.10
11501;19.00;145.50;145;1;0;50;1;0;0.20
11600;19.00;146.25;150;1;0;50;1;0;0.30
11701;19.00;148.00;146;1;0;50;1;0;0.40
11800;19.00;144.00;143;1;0;50;1;0;0.50
11900;20.00;143.00;144;0;0;50;1;0;0.10
12000;20.00;144.25;145;0;0;50;1;0;0.20
12100;20.00;146.50;143;0;0;50;1;0;0.30
12200;20.00;146.50;147;0;0;50;1;0;0.40
12300;20.00;145.50;148;0;0;50;1;0;0.50
12400;21.00;147.25;145;1;0;50;1;0;0.10
12500;21.00;145.00;134;1;0;50;1;0;0.20
12600;21.00;137.00;124;1;0;50;1;0;0.30
12700;21.00;127.00;113;1;-30;20;1;1;0.40
12800;21.00;115.25;109;1;-30;20;1;1;0.50
12900;21.00;109.50;105;1;-30;20;1;1;0.60
13001;21.00;106.00;104;1;-30;20;1;1;0.70
13100;21.00;104.50;99;1;-30;20;1;1;0.80
13200;21.00;101.25;100;1;-30;20;1;1;0.90
13300;21.00;101.50;102;1;-30;20;1;1;1.00
13400;22.00;101.00;97;0;-30;20;1;1;0.10
13501;22.00;99.50;103;0;-30;20;1;1;0.20
13600;22.00;100.50;99;0;-30;20;1;1;0.30
13701;22.00;101.00;105;0;-30;20;1;1;0.40
13801;22.00;103.00;106;0;-30;20;1;1;0.50
13900;22.00;104.50;107;0;-30;20;1;1;0.60
14000;22.00;107.75;109;0;-30;20;1;1;0.70
14101;22.00;112.50;114;0;-30;20;1;1;0.80
14201;22.00;116.00;121;0;-30;20;1;1;0.90
14301;22.00;119.50;122;0;-30;20;1;1;1.00
14400;22.00;123.25;128;0;-30;20;1;1;1.00
14502;22.00;130.00;134;0;-30;20;1;1;1.00
14600;22.00;132.50;134;0;-30;20;1;1;1.00
14700;23.00;137.50;142;1;0;50;1;0;0.10
14799;23.00;142.75;145;1;0;50;1;0;0.20
14900;23.00;144.50;148;1;0;50;1;0;0.30
15000;23.00;143.50;145;1;0;50;1;0;0.40
15100;23.00;144.50;143;1;0;50;1;0;0.50
15201;24.00;144.75;147;0;0;50;1;0;0.10
15300;24.00;147.00;151;0;0;50;1;0;0.20
15399;24.00;149.50;159;0;0;50;1;0;0.30
15500;24.00;158.00;170;0;-30;20;1;1;0.40
15599;24.00;168.50;170;0;-30;20;1;1;0.50
15699;24.00;172.00;174;0;-30;20;1;1;0.60
15800;24.00;175.50;178;0;-30;20;1;1;0.70
15900;24.00;175.50;180;0;-30;20;1;1;0.80
16000;25.00;179.00;182;1;-30;20;1;1;0.10
16100;25.00;180.50;179;1;-30;20;1;1;0.20
16200;25.00;182.50;184;1;-30;20;1;1;0.30
16300;25.00;180.50;181;1;-30;20;1;1;0.40
16400;25.00;179.75;182;1;-30;20;1;1;0.50
16500;25.00;181.00;182;1;-30;20;1;1;0.60
16600;25.00;179.00;176;1;-30;20;1;1;0.70
16700;25.00;177.00;169;1;-30;20;1;1;0.80
16799;25.00;171.25;168;1;-30;20;1;1;0.90
16900;25.00;169.00;167;1;-30;20;1;1;1.00
17000;25.00;164.00;161;1;-30;20;1;1;1.00
17100;25.00;161.00;158;1;-30;20;1;1;1.00
17200;26.00;157.75;155;0;-30;20;1;1;0.10
17300;26.00;153.50;145;0;0;50;1;0;0.20
17399;26.00;150.50;144;0;0;50;1;0;0.30
17500;26.00;146.00;149;0;0;50;1;0;0.40
17600;26.00;146.75;149;0;0;50;1;0;0.50
17700;26.00;146.00;146;0;0;50;1;0;0.60
17800;27.00;147.00;144;1;0;50;1;0;0.10
17900;27.00;145.50;143;1;0;50;1;0;0.20
17999;27.00;144.00;144;1;0;50;1;0;0.30
18099;27.00;145.50;141;1;0;50;1;0;0.40
18200;28.00;147.00;145;0;0;50;1;0;0.10
18300;28.00;147.00;147;0;0;50;1;0;0.20
18400;28.00;145.75;144;0;0;50;1;0;0.30
18500;28.00;144.50;143;0;0;50;1;0;0.40
18600;28.00;145.50;146;0;0;50;1;0;0.50
18700;29.00;145.00;146;1;0;50;1;0;0.10
18799;29.00;145.00;146;1;0;50;1;0;0.20
18901;29.00;144.00;145;1;0;50;1;0;0.30
19000;29.00;145.50;146;1;0;50;1;0;0.40
19101;29.00;146.50;164;1;0;50;1;0;0.50
19200;29.00;161.00;170;1;-30;20;1;1;0.60
19300;29.00;172.50;178;1;-30;20;1;1;0.70
19400;30.00;178.00;188;0;-30;20;1;1;0.10
19501;30.00;184.00;192;0;-30;20;1;1;0.20
19600;30.00;191.50;198;0;-30;20;1;1;0.30
19700;30.00;197.50;197;0;-30;20;1;1;0.40
19800;30.00;203.00;204;0;-30;20;1;1;0.50
19900;30.00;206.00;207;0;-30;20;1;1;0.60
20000;30.00;206.75;210;0;-30;20;1;1;0.70
20100;30.00;210.50;214;0;-30;20;1;1;0.80
20200;30.00;213.00;210;0;-30;20;1;1;0.90
20301;30.00;210.25;209;0;-30;20;1;1;1.00
20399;30.00;208.00;207;0;-30;20;1;1;1.00
20500;30.00;207.00;207;0;-30;20;1;1;1.00
20600;30.00;206.50;205;0;-30;20;1;1;1.00
20700;31.00;205.50;200;1;-30;20;1;1;0.10
20799;31.00;200.00;192;1;-30;20;1;1;0.20
20900;31.00;193.00;192;1;-30;20;1;1;0.30
21000;31.00;188.50;184;1;-30;20;1;1;0.40
21101;31.00;183.00;173;1;-30;20;1;1;0.50
21200;31.00;173.75;167;1;-30;20;1;1;0.60
21300;31.00;167.50;160;1;-30;20;1;1;0.70
21400;31.00;161.00;155;1;-30;20;1;1;0.80
21501;31.00;155.50;147;1;-30;20;1;1;0.90
21600;31.00;148.50;145;1;0;50;1;0;1.00
21700;31.00;144.00;146;1;0;50;1;0;1.00
21801;32.00;144.50;145;0;0;50;1;0;0.10
21900;32.00;144.50;145;0;0;50;1;0;0.20
22000;32.00;144.25;146;0;0;50;1;0;0.30
22100;32.00;145.00;141;0;0;50;1;0;0.40
22200;32.00;145.00;147;0;0;50;1;0;0.50
22300;33.00;145.50;149;1;0;50;1;0;0.10
22400;33.00;147.25;144;1;0;50;1;0;0.20
22500;33.00;145.50;143;1;0;50;1;0;0.30
22600;33.00;146.50;147;1;0;50;1;0;0.40
22699;33.00;147.00;144;1;0;50;1;0;0.50
22799;34.00;146.25;155;0;0;50;1;0;0.10
22900;34.00;154.00;166;0;0;50;1;0;0.20
22999;34.00;162.50;170;0;-30;20;1;1;0.30
23100;34.00;170.00;172;0;-30;20;1;1;0.40
23200;34.00;174.00;176;0;-30;20;1;1;0.50
23299;34.00;175.50;175;0;-30;20;1;1;0.60
23399;34.00;174.00;171;0;-30;20;1;1;0.70
23500;34.00;173.00;178;0;-30;20;1;1;0.80
23599;34.00;176.25;176;0;-30;20;1;1;0.90
23700;34.00;174.50;175;0;-30;20;1;1;1.00
23800;35.00;173.00;172;1;-30;20;1;1;0.10
23899;35.00;172.00;169;1;-30;20;1;1;0.20
23999;35.00;168.75;166;1;-30;20;1;1;0.30
24099;35.00;167.00;167;1;-30;20;1;1;0.40
24200;35.00;165.00;163;1;-30;20;1;1;0.50
24299;35.00;162.00;165;1;-30;20;1;1;0.60
24399;35.00;162.25;157;1;-30;20;1;1;0.70
24499;35.00;155.50;157;1;-30;20;1;1;0.80
24600;35.00;154.00;147;1;0;50;1;0;0.90
24700;35.00;149.50;144;1;0;50;1;0;1.00
